{"type":"FeatureCollection","source":"Natural Earth 1:10m rivers_lake_centerlines (public domain), clipped to India","features":[{"type":"Feature","properties":{"name":"Son","name_hi":"सोन","source_name":"Son","weight":1.0},"geometry":{"type":"MultiLineString","coordinates":[[[82.047374,22.705919],[82.058849,22.768256],[82.043468,22.80268],[82.044444,22.829128],[82.055431,22.870429],[82.08489,22.910183],[82.092784,22.934638],[82.07252,22.945014],[81.992442,23.027208],[81.977061,23.05683],[81.95574,23.067939],[81.873627,23.083808],[81.77296,23.130479],[81.703624,23.131537],[81.684093,23.137966],[81.648936,23.191596],[81.629487,23.185126],[81.617605,23.192654],[81.60906,23.226671],[81.602306,23.219835],[81.568126,23.254665],[81.540131,23.26085],[81.51295,23.288764],[81.47877,23.293809],[81.470632,23.323269],[81.485606,23.357042],[81.460948,23.39704],[81.451427,23.404853],[81.407481,23.399522],[81.396251,23.411689],[81.404307,23.425971],[81.400645,23.428656],[81.355235,23.425971],[81.3449,23.449246],[81.32724,23.456732],[81.297293,23.456163],[81.286388,23.480577],[81.289073,23.548774],[81.283214,23.565945],[81.251557,23.574897],[81.237885,23.58808],[81.245372,23.617743],[81.224864,23.651923],[81.231619,23.696234],[81.229015,23.720282],[81.17392,23.806667],[81.176199,23.822781],[81.242442,23.834906],[81.249115,23.843288],[81.238536,23.856716],[81.218028,23.856716],[81.192312,23.881415],[81.163503,23.887763],[81.154796,23.905707],[81.159109,23.923529],[81.128673,23.939276],[81.10198,23.973985],[81.061046,23.970282],[81.052257,24.000922],[81.015066,24.043036],[80.996023,24.08751],[81.009369,24.096869],[81.129405,24.136664],[81.148936,24.13642],[81.190847,24.115546],[81.207612,24.121649],[81.243744,24.171942],[81.281179,24.190456],[81.344005,24.199815],[81.396658,24.257595],[81.45045,24.265082],[81.450694,24.282497],[81.464773,24.300808],[81.553315,24.332831],[81.617198,24.396999],[81.636322,24.406033],[81.677989,24.398546],[81.737397,24.41767],[81.800792,24.446967],[81.972179,24.480496],[82.035655,24.505154],[82.187266,24.525662],[82.204682,24.535834],[82.211843,24.552802],[82.223074,24.559678],[82.308604,24.531806],[82.331716,24.544013],[82.338796,24.559678],[82.352061,24.562445],[82.473237,24.531521],[82.553966,24.529812],[82.631765,24.558661],[82.668712,24.583686],[82.714692,24.585964],[82.740001,24.604031],[82.806733,24.59516],[82.842784,24.611192],[82.889171,24.615668],[82.910655,24.610867],[82.924897,24.600124],[82.961925,24.55622],[82.97877,24.544704],[83.027354,24.528917],[83.060313,24.480292],[83.078624,24.474311],[83.250499,24.467475],[83.300141,24.477484],[83.363292,24.507514],[83.409923,24.510077],[83.437918,24.521023],[83.538666,24.531317],[83.695811,24.506374],[83.750092,24.508409],[83.76767,24.51378],[83.787852,24.53738],[83.808686,24.542548],[83.849864,24.535102],[83.93808,24.548692],[83.965831,24.576117],[83.972667,24.617703],[83.990326,24.645779],[84.000255,24.677924],[84.054617,24.741156],[84.09433,24.800889],[84.106456,24.810085],[84.185557,24.836778],[84.216319,24.901923],[84.262462,24.938259],[84.289806,24.977607],[84.305431,25.032294],[84.340831,25.055691],[84.428233,25.082465],[84.445893,25.096503],[84.458263,25.140937],[84.470876,25.162299],[84.500255,25.193671],[84.591563,25.238634],[84.652436,25.244981],[84.671479,25.27558],[84.725515,25.331651],[84.75351,25.399482],[84.775076,25.433214],[84.769949,25.49962],[84.785248,25.553087],[84.809255,25.584662],[84.811534,25.597602],[84.80185,25.639268],[84.817963,25.660427],[84.858897,25.686876],[84.877615,25.707587]]]}},{"type":"Feature","properties":{"name":"Betwa","name_hi":"बेतवा","source_name":"Betwa","weight":1.0},"geometry":{"type":"MultiLineString","coordinates":[[[77.346202,23.240343],[77.368663,23.212999],[77.416026,23.193142],[77.449229,23.137966],[77.480398,23.120185],[77.529307,23.112576],[77.579194,23.11579],[77.599376,23.121649],[77.618907,23.138292],[77.67213,23.234076],[77.682628,23.288764],[77.709972,23.322292],[77.709972,23.367255],[77.737234,23.438992],[77.77825,23.493598],[77.791921,23.535183],[77.853282,23.617743],[77.861908,23.638129],[77.862804,23.653388],[77.838959,23.686062],[77.84547,23.706855],[77.850515,23.809841],[77.897716,23.881537],[77.92213,23.898261],[77.982351,23.96365],[78.023936,24.039089],[78.028901,24.055609],[78.018484,24.062771],[78.029877,24.104315],[78.037364,24.193671],[78.052419,24.234687],[78.084402,24.27558],[78.092784,24.32453],[78.142589,24.364447],[78.183849,24.413764],[78.219005,24.42532],[78.272227,24.467475],[78.269949,24.477729],[78.244395,24.487901],[78.223888,24.519314],[78.26474,24.583564],[78.270437,24.603298],[78.272227,24.624538],[78.258067,24.644965],[78.26474,24.669216],[78.261241,24.692694],[78.230724,24.734402],[78.224864,24.794216],[78.197765,24.839464],[78.173595,24.85456],[78.1692,24.877753],[78.226003,24.926378],[78.257091,24.940253],[78.324799,25.002224],[78.340587,25.045844],[78.330333,25.066433],[78.330496,25.082058],[78.349213,25.10045],[78.387706,25.124783],[78.4428,25.132432],[78.537364,25.190131],[78.56129,25.223334],[78.57252,25.252387],[78.649832,25.334825],[78.661632,25.355577],[78.645112,25.373236],[78.717052,25.44599],[78.72698,25.494493],[78.734304,25.502021],[78.763113,25.510932],[78.792491,25.529486],[78.857514,25.536322],[78.908376,25.567003],[78.901541,25.601142],[78.976166,25.660712],[78.989268,25.680284],[79.040701,25.727078],[79.047455,25.743354],[79.045665,25.762803],[79.06129,25.794298],[79.079682,25.81684],[79.099701,25.82335],[79.136241,25.811957],[79.155528,25.81684],[79.196381,25.798896],[79.221446,25.796983],[79.237397,25.810614],[79.251069,25.796983],[79.285818,25.816026],[79.299408,25.810614],[79.285085,25.787543],[79.301524,25.776394],[79.327647,25.77619],[79.345225,25.795478],[79.375255,25.789578],[79.408621,25.810981],[79.442475,25.792914],[79.454112,25.805732],[79.463959,25.844184],[79.486095,25.85753],[79.50644,25.850898],[79.539073,25.823676],[79.556651,25.841335],[79.566417,25.865831],[79.53655,25.865587],[79.511729,25.878933],[79.531261,25.889594],[79.596934,25.899726],[79.607921,25.906846],[79.599701,25.92475],[79.614187,25.933539],[79.646658,25.910264],[79.685476,25.928168],[79.696218,25.915554],[79.738292,25.913031],[79.766531,25.876166],[79.789561,25.872097],[79.797537,25.876532],[79.799815,25.909939],[79.805186,25.913926],[79.833914,25.892524],[79.888438,25.892524],[79.906261,25.878933],[79.927013,25.883328],[79.957042,25.909939],[79.992931,25.885281],[80.005056,25.885118],[80.025808,25.899441],[80.049571,25.899441],[80.065847,25.905829],[80.085948,25.936794],[80.101329,25.94713],[80.132823,25.944892],[80.174327,25.92475],[80.209972,25.919867]]]}},{"type":"Feature","properties":{"name":"Parbati","name_hi":"पार्वती","source_name":"Parbati","weight":1.0},"geometry":{"type":"MultiLineString","coordinates":[[[76.655691,22.914903],[76.685069,22.995876],[76.722748,23.025458],[76.762218,23.075954],[76.801036,23.096625],[76.845876,23.16116],[76.978445,23.27558],[76.981049,23.339179],[76.991791,23.403428],[77.0171,23.438585],[77.107188,23.51614],[77.12851,23.545356],[77.140554,23.580105],[77.136241,23.621202],[77.214366,23.814154],[77.21046,23.829698],[77.18629,23.864854],[77.186453,23.899522],[77.171479,23.94245],[77.177419,24.08869],[77.167572,24.136583],[77.117198,24.244005],[77.106863,24.281033],[77.095876,24.423774],[77.086029,24.467597],[77.054617,24.526679],[77.059011,24.602362],[77.037364,24.670356],[77.014578,24.699246],[76.956391,24.742621],[76.877859,24.743964],[76.848074,24.759792],[76.795095,24.81684],[76.699636,24.893134],[76.674327,24.923041],[76.648936,24.970771],[76.610362,25.081732],[76.601166,25.136094],[76.610769,25.21601],[76.60255,25.242051],[76.568126,25.263048],[76.561697,25.277533],[76.563731,25.356309],[76.586192,25.414659],[76.584727,25.433132],[76.551362,25.46015],[76.546967,25.470811],[76.521495,25.550238],[76.492198,25.686835],[76.478445,25.719835],[76.487397,25.737169],[76.512706,25.744696],[76.517996,25.799343],[76.545909,25.848334]]]}},{"type":"Feature","properties":{"name":"Indravati","name_hi":"इंद्रावती","source_name":"Indravati","weight":1.0},"geometry":{"type":"MultiLineString","coordinates":[[[80.267345,18.713935],[80.260509,18.755561],[80.266043,18.768256],[80.338878,18.813422],[80.349213,18.831],[80.344168,18.850775],[80.283946,18.920356],[80.271251,18.947048],[80.271902,18.979519],[80.290457,19.019355],[80.346202,19.08157],[80.366466,19.117458],[80.405284,19.250434],[80.447276,19.272162],[80.480886,19.32864],[80.517019,19.345282],[80.553396,19.38699],[80.575857,19.392035],[80.587006,19.381944],[80.600352,19.341742],[80.617279,19.31863],[80.679779,19.321601],[80.690033,19.311225],[80.749278,19.216905],[80.751231,19.185736],[80.769216,19.160224],[80.827891,19.137722],[80.883311,19.103542],[80.902599,19.103095],[80.966807,19.130316],[81.013764,19.11933],[81.057709,19.091864],[81.126557,19.027167],[81.146983,19.020535],[81.172374,19.02204],[81.201427,19.034735],[81.253429,19.103095],[81.271495,19.111029],[81.315522,19.097846],[81.338796,19.109809],[81.34669,19.15058],[81.384207,19.190701],[81.437266,19.200141],[81.473237,19.216864],[81.5442,19.221788],[81.578543,19.246772],[81.591238,19.248969],[81.607188,19.237657],[81.623139,19.195868],[81.635509,19.183376],[81.651296,19.183417],[81.696788,19.205349],[81.789073,19.199083],[81.804779,19.19363],[81.823416,19.167996],[81.851573,19.1588],[81.865815,19.165391],[81.870046,19.200507],[81.877371,19.211127],[81.893565,19.190741],[81.892345,19.153144],[81.933442,19.118679],[81.954031,19.11697],[81.995616,19.137519],[82.028738,19.106228],[82.04835,19.104438],[82.09075,19.121853],[82.112722,19.123725],[82.120128,19.138739],[82.163259,19.127265],[82.216401,19.126776],[82.314138,19.168524],[82.365326,19.181912],[82.45574,19.178819],[82.545828,19.205878],[82.57366,19.206244],[82.626231,19.163642],[82.638682,19.162706],[82.648936,19.175849],[82.726492,19.227647],[82.809825,19.252143],[82.824474,19.268866],[82.888682,19.39293],[82.95989,19.480536]]]}},{"type":"Feature","properties":{"name":"Ravi","name_hi":"रावी","source_name":"Ravi","weight":1.0},"geometry":{"type":"MultiLineString","coordinates":[[[76.82545,32.327257],[76.746593,32.299913],[76.705333,32.313585],[76.695893,32.310981],[76.68214,32.293077],[76.642507,32.287299],[76.601573,32.299343],[76.564871,32.320339],[76.518321,32.362331],[76.481619,32.386298],[76.47047,32.432685],[76.458018,32.446804],[76.435069,32.456977],[76.416026,32.457343],[76.35255,32.443915],[76.330577,32.451524],[76.304291,32.473497],[76.280772,32.478095],[76.216563,32.467963],[76.194835,32.470649],[76.129893,32.529608],[76.110362,32.583604],[76.082774,32.614854],[76.044444,32.621527],[75.979747,32.610867],[75.934174,32.617011],[75.912852,32.610622],[75.895518,32.596869],[75.865815,32.560614],[75.867198,32.547553],[75.854991,32.526313],[75.828624,32.497911],[75.797537,32.481147],[75.742931,32.464423],[75.72934,32.429633],[75.698253,32.406073],[75.682546,32.399848],[75.611908,32.395535],[75.573253,32.374701],[75.538015,32.345242],[75.455577,32.244696],[75.403331,32.211982],[75.338308,32.190701],[75.309988,32.153876],[75.249522,32.149115],[75.195242,32.12877],[75.172781,32.109931],[75.173757,32.087022],[75.13795,32.093695],[75.109955,32.077826],[75.040538,32.098212],[75.022227,32.094916],[75.029796,32.066514],[74.985769,32.063422],[74.967377,32.038153],[74.95517,32.032416],[74.888682,32.02912],[74.872813,32.011908],[74.828217,32.025662],[74.810802,32.003933],[74.802013,31.969062],[74.783295,31.943061],[74.762625,31.939154],[74.698009,31.950507],[74.669526,31.904405],[74.640636,31.890815],[74.550141,31.827216],[74.540457,31.811103],[74.536632,31.775946],[74.522716,31.758653],[74.51588,31.737616],[74.502859,31.73078],[74.47934,31.700303],[74.46282,31.694403],[74.441417,31.704047],[74.38053340607718,31.671761891220008]]]}},{"type":"Feature","properties":{"name":"Balak","name_hi":"बालक","source_name":"Balak","weight":1.0},"geometry":{"type":"MultiLineString","coordinates":[[[91.69609046485364,24.99570537913221],[91.675955,25.022325],[91.688975,25.022325],[91.688975,25.028591],[91.665131,25.033311],[91.617442,25.00849],[91.592865,25.028591],[91.582937,25.022528],[91.575125,25.026435],[91.566173,25.05032],[91.552419,25.042833],[91.548106,25.054877],[91.528901,25.056952],[91.521414,25.078437],[91.513601,25.082709],[91.47934,25.064968],[91.463145,25.091254],[91.450857,25.094753],[91.414643,25.083808],[91.37388251787586,25.029554193660783]],[[94.258718,25.461208],[94.236095,25.461534],[94.204112,25.433214],[94.169444,25.419623],[94.149425,25.395616],[94.120209,25.388495],[94.108653,25.377794],[94.101085,25.341091],[94.053233,25.296088],[94.072276,25.37462],[94.066905,25.398505],[94.029714,25.418809],[94.003835,25.423692],[93.984386,25.419623],[93.921397,25.46955],[93.888682,25.482367],[93.841075,25.467353],[93.808604,25.446153],[93.679128,25.328315],[93.67921,25.314399],[93.649099,25.26199],[93.612722,25.215684],[93.600841,25.18891],[93.517996,25.150662],[93.496104,25.128241],[93.482026,25.099677],[93.473888,25.054511],[93.40504,24.931423],[93.402192,24.901923],[93.409679,24.830593],[93.399099,24.81977],[93.37322,24.814276],[93.363455,24.766954],[93.355235,24.757107],[93.34075,24.761664],[93.330577,24.707099],[93.313406,24.693427],[93.306651,24.700222],[93.294526,24.675849],[93.265636,24.666083],[93.24822,24.671983],[93.217784,24.707058],[93.230886,24.666083],[93.218191,24.650946],[93.230886,24.63878],[93.220795,24.629177],[93.212494,24.575263],[93.177664,24.524359],[93.168875,24.474311],[93.146007,24.404161],[93.03655,24.259223],[93.024913,24.234687],[93.018565,24.234687],[93.014171,24.274482],[93.045909,24.326606],[93.041515,24.340888],[93.022878,24.354315],[93.020518,24.400214],[93.011729,24.412869],[93.036632,24.414659],[93.045665,24.444607],[93.052745,24.522732],[93.064464,24.558946],[93.100597,24.577094],[93.080089,24.624538],[93.106212,24.671983],[93.091075,24.682725],[93.083588,24.71837],[93.059581,24.726915],[93.028575,24.789618],[92.975678,24.791775],[92.956554,24.80329],[92.928966,24.792344],[92.910818,24.74254],[92.888194,24.734402],[92.888194,24.741156],[92.908702,24.748643],[92.867686,24.76911],[92.854096,24.748643],[92.844493,24.754218],[92.840424,24.775336],[92.822765,24.784857],[92.820567,24.79267],[92.867686,24.816921],[92.85849,24.830878],[92.827403,24.824164],[92.786876,24.852159],[92.778901,24.864081],[92.759288,24.864366],[92.733653,24.900458],[92.710704,24.877753],[92.731212,24.864081],[92.731212,24.857856],[92.698741,24.86225],[92.691905,24.853339],[92.697195,24.836778],[92.658946,24.830593],[92.643891,24.83747],[92.649018,24.856228],[92.628917,24.858344],[92.593435,24.877753],[92.477468,24.864081],[92.49114,24.883897],[92.490896,24.912543],[92.474132,24.936835],[92.449311,24.946641],[92.457612,24.953477],[92.453705,24.958319],[92.379649,25.004462],[92.362804,25.010565],[92.339447,25.001899],[92.307628,25.026923],[92.276866,25.003852],[92.250255,24.971259],[92.230235,24.967719],[92.22047,24.948676],[92.194428,24.945624],[92.113292,24.894151],[92.0944235141072,24.894367827395637]]]}},{"type":"Feature","properties":{"name":"Gandak","name_hi":"गंडक","source_name":"Gandak","weight":1.0},"geometry":{"type":"MultiLineString","coordinates":[[[84.19664048390243,27.627486688646577],[84.178722,27.632921],[84.103038,27.536729],[84.068858,27.557888],[84.048757,27.545966],[83.946869,27.552273],[83.930675,27.543809],[83.925385,27.527126],[83.959402,27.518663],[83.940929,27.495185],[83.938487,27.461697],[83.899506,27.444119],[83.853282,27.441189],[83.833751,27.43419],[83.870942,27.389675],[83.877208,27.370144],[83.876964,27.362006],[83.861339,27.354682],[83.843028,27.32449],[83.841075,27.303005],[83.870942,27.266425],[83.925385,27.248481],[83.938487,27.235134],[83.938487,27.24254],[83.950206,27.214952],[84.020437,27.173651],[84.033214,27.154405],[84.04892,27.103095],[84.068858,27.084296],[84.108002,27.092637],[84.143484,27.063788],[84.170665,27.019599],[84.205496,26.921454],[84.281749,26.879462],[84.308523,26.812771],[84.338878,26.796658],[84.349864,26.780788],[84.372325,26.698554],[84.382498,26.681098],[84.415457,26.664415],[84.41741,26.619412],[84.425792,26.605089],[84.503673,26.605089],[84.519135,26.598171],[84.527599,26.543647],[84.552664,26.506049],[84.570404,26.489203],[84.608816,26.47016],[84.665294,26.474799],[84.684255,26.461493],[84.808035,26.289903],[84.826101,26.270616],[84.86321,26.258124],[84.875906,26.24669],[84.898041,26.207872],[84.907481,26.150702],[84.915538,26.13585],[84.966563,26.099799],[84.973888,26.084337],[84.946218,26.042182],[84.96339,26.018866],[85.029063,25.994981],[85.045665,25.982367],[85.086192,25.930487],[85.113536,25.907742],[85.124034,25.872097],[85.172862,25.827501],[85.192963,25.720649],[85.192393,25.695421],[85.17921,25.656521],[85.182709,25.637641]]]}},{"type":"Feature","properties":{"name":"Godavari","name_hi":"गोदावरी","source_name":"Godävari","weight":1.0},"geometry":{"type":"MultiLineString","coordinates":[[[73.652436,20.012763],[73.666108,20.034532],[73.686046,20.042996],[73.781261,20.019802],[73.838145,19.99372],[73.902599,19.999132],[73.967377,19.982693],[74.004161,20.026475],[74.040538,20.0456],[74.05714,20.047553],[74.082612,20.025092],[74.098155,20.033271],[74.11671,20.020575],[74.196707,19.995063],[74.228526,19.971788],[74.263194,19.971788],[74.293712,19.957546],[74.389171,19.930609],[74.42628,19.905544],[74.442475,19.881944],[74.508881,19.889268],[74.522716,19.861925],[74.553396,19.838202],[74.560802,19.811794],[74.568858,19.805854],[74.601166,19.789089],[74.632498,19.800482],[74.691987,19.767849],[74.759369,19.761094],[74.790701,19.731635],[74.829031,19.671576],[74.848888,19.663357],[74.88974,19.649685],[74.929454,19.654975],[74.940929,19.649685],[74.951589,19.656602],[75.036632,19.614936],[75.113292,19.600531],[75.139659,19.587592],[75.160737,19.595893],[75.180919,19.593858],[75.195811,19.582872],[75.205984,19.556749],[75.216726,19.548448],[75.247,19.532823],[75.335216,19.505683],[75.375662,19.463487],[75.386648,19.471544],[75.417491,19.461534],[75.427664,19.451687],[75.436697,19.4206],[75.451915,19.416938],[75.479096,19.437445],[75.490245,19.434353],[75.510183,19.409491],[75.548106,19.389472],[75.720714,19.352159],[75.735444,19.354844],[75.76946,19.391425],[75.787364,19.39643],[75.834727,19.375759],[75.863699,19.384833],[75.914236,19.388983],[75.907481,19.317328],[75.91741,19.304877],[75.965587,19.306505],[75.983165,19.31391],[76.000499,19.340155],[76.009858,19.341824],[76.020763,19.299628],[76.061615,19.293402],[76.075287,19.296251],[76.093028,19.31391],[76.110444,19.312323],[76.162527,19.297797],[76.225841,19.260037],[76.304861,19.265163],[76.361257,19.233262],[76.346202,19.204657],[76.339854,19.14289],[76.318126,19.129503],[76.319347,19.117377],[76.329356,19.10932],[76.35255,19.115302],[76.365896,19.133572],[76.380382,19.128282],[76.38974,19.10517],[76.422862,19.103827],[76.429454,19.071885],[76.442312,19.059678],[76.465261,19.06627],[76.490245,19.094794],[76.506928,19.102891],[76.56544,19.111884],[76.620616,19.080593],[76.630463,19.068793],[76.634288,19.049831],[76.619558,19.024522],[76.63087,19.00963],[76.660411,19.005398],[76.699962,19.021837],[76.715587,19.018419],[76.726166,19.010077],[76.736501,18.977484],[76.757498,18.989691],[76.780854,19.018826],[76.784434,19.025906],[76.776134,19.049018],[76.780935,19.053249],[76.826182,19.045193],[76.835867,19.064236],[76.844819,19.06745],[76.893972,19.051378],[76.921641,19.053249],[76.979991,19.10163],[77.000499,19.094794],[77.043224,19.096625],[77.058116,19.087348],[77.056651,19.111518],[77.064382,19.120632],[77.079194,19.122097],[77.090343,19.114569],[77.092784,19.101508],[77.086518,19.088568],[77.072358,19.081122],[77.078868,19.070258],[77.089366,19.066026],[77.113536,19.073676],[77.133718,19.066962],[77.151134,19.104356],[77.164968,19.115302],[77.195567,19.100775],[77.243175,19.122097],[77.263682,19.115302],[77.271007,19.135769],[77.286876,19.142605],[77.324229,19.136501],[77.361501,19.158271],[77.38087,19.156277],[77.394135,19.138861],[77.379893,19.108425],[77.384044,19.091091],[77.401947,19.073513],[77.456065,19.040147],[77.476573,19.012234],[77.509695,19.008816],[77.538015,18.993516],[77.571869,18.98725],[77.586436,18.971259],[77.598643,18.941107],[77.631114,18.93655],[77.647227,18.914008],[77.667003,18.907904],[77.709483,18.877021],[77.785167,18.866075],[77.801768,18.85456],[77.838959,18.848334],[77.86142,18.830756],[77.885916,18.826483],[77.918468,18.834093],[77.944835,18.829657],[77.956554,18.857001],[77.9699,18.868232],[78.029307,18.872585],[78.038259,18.878485],[78.039561,18.898749],[78.048839,18.913194],[78.061046,18.921495],[78.087332,18.923448],[78.114675,18.957587],[78.134532,18.950751],[78.151459,18.974392],[78.215343,19.002061],[78.248139,19.001736],[78.280284,18.980292],[78.28769,18.93476],[78.295502,18.930284],[78.310964,18.933173],[78.326752,18.957587],[78.371023,18.987006],[78.391124,18.991767],[78.412364,18.986396],[78.446381,18.962958],[78.470225,18.957587],[78.511241,18.964423],[78.53004,18.946967],[78.541921,18.943956],[78.554698,18.952338],[78.562511,18.979763],[78.570404,18.984442],[78.628917,18.981879],[78.64739,18.988064],[78.661388,19.026435],[78.676362,19.034003],[78.70989,19.032742],[78.775645,19.007636],[78.793875,19.038682],[78.836029,19.057969],[78.85377,19.060614],[78.907237,19.03502],[78.919037,19.036444],[78.925792,19.0633],[78.932384,19.06684],[78.97047,19.081122],[79.012136,19.081407],[79.046397,19.069281],[79.071869,19.045762],[79.117931,18.939073],[79.178315,18.877631],[79.216807,18.863837],[79.241222,18.862006],[79.258311,18.838446],[79.292735,18.813585],[79.333751,18.821316],[79.389903,18.857449],[79.428966,18.852403],[79.513276,18.797797],[79.586925,18.765815],[79.621593,18.731024],[79.64088,18.734239],[79.686534,18.679796],[79.765636,18.690131],[79.798839,18.706244],[79.813975,18.721869],[79.826264,18.765001],[79.851166,18.794013],[79.854421,18.813585],[79.833914,18.840888],[79.844493,18.881903],[79.864757,18.871853],[79.877045,18.84044],[79.902843,18.834093],[79.968028,18.796576],[80.00172,18.785671],[80.060557,18.737087],[80.090587,18.697537],[80.169688,18.690131],[80.24171,18.697537],[80.270437,18.713731],[80.294688,18.713446],[80.313731,18.683295],[80.319835,18.642279],[80.352061,18.592353],[80.372081,18.615587],[80.390554,18.604315],[80.3956,18.580878],[80.380056,18.533881],[80.388927,18.477607],[80.405528,18.464789],[80.44394,18.450507],[80.466319,18.419379],[80.478608,18.329372],[80.491791,18.292263],[80.521495,18.261786],[80.697276,18.159451],[80.702078,18.142768],[80.776296,18.023139],[80.840017,17.996283],[80.890636,17.93891],[80.894949,17.910468],[80.868582,17.775214],[80.872325,17.756415],[80.896495,17.710639],[80.886241,17.65587],[80.896495,17.641791],[80.915538,17.634345],[80.994395,17.639228],[81.005789,17.631415],[81.019786,17.586249],[81.067312,17.607611],[81.078054,17.600287],[81.116222,17.607611],[81.149832,17.572821],[81.166596,17.578925],[81.254649,17.56155],[81.267833,17.550849],[81.303233,17.487616],[81.37322,17.48782],[81.396251,17.46365],[81.41269,17.458075],[81.5053,17.464179],[81.540131,17.429511],[81.581635,17.415839],[81.615896,17.391628],[81.617198,17.336371],[81.629487,17.319648],[81.670502,17.305976],[81.676768,17.295233],[81.663666,17.281765],[81.651459,17.196357],[81.660737,17.173204],[81.674571,17.165147],[81.685802,17.11168],[81.696056,17.095567],[81.725108,17.073188],[81.750011,17.031073],[81.759044,16.966254],[81.73878,16.942247],[81.729747,16.915066],[81.73406,16.885688],[81.767589,16.779364],[81.800792,16.737372],[81.794526,16.721951],[81.797781,16.704901],[81.841807,16.641872],[81.86378,16.578152],[81.847179,16.495185],[81.831391,16.477362],[81.795421,16.463568],[81.74879,16.4171],[81.717784,16.442572],[81.704682,16.429267],[81.697276,16.41531],[81.711518,16.391059],[81.711518,16.312201]],[[81.759044,16.95543],[81.763764,16.912462],[81.772227,16.892768],[81.79184,16.868842],[81.837576,16.785224],[81.848643,16.771552],[81.900076,16.754462],[81.931244,16.716905],[81.970144,16.713162],[82.007091,16.690375],[82.020518,16.689276],[82.033702,16.696479],[82.073741,16.681952],[82.088878,16.682807],[82.118256,16.700019],[82.141043,16.705024],[82.214936,16.710883],[82.270763,16.701443],[82.342703,16.701443]]]}},{"type":"Feature","properties":{"name":"Sutlej","name_hi":"सतलुज","source_name":"Sutlej","weight":1.0},"geometry":{"type":"MultiLineString","coordinates":[[[78.97845663406439,31.653497549388444],[78.930268,31.6706],[78.919526,31.716376],[78.881765,31.751247],[78.842703,31.805203],[78.823416,31.8133],[78.769623,31.808132],[78.731537,31.84394],[78.703136,31.846625],[78.663259,31.830756],[78.638194,31.809882],[78.62794,31.765489],[78.556244,31.750596],[78.538503,31.718451],[78.454845,31.675401],[78.435313,31.657782],[78.429617,31.633816],[78.442393,31.600409],[78.370616,31.594265],[78.313731,31.608913],[78.292084,31.600409],[78.281505,31.585639],[78.272227,31.528388],[78.261322,31.521104],[78.189057,31.512274],[78.101573,31.528388],[77.968761,31.571641],[77.829275,31.56391],[77.78769,31.550157],[77.703136,31.504828],[77.66212,31.462836],[77.63323,31.454413],[77.628347,31.447333],[77.631602,31.400946],[77.620535,31.394965],[77.555431,31.389187],[77.538015,31.354438],[77.428722,31.347195],[77.403087,31.359442],[77.368175,31.358669],[77.356212,31.350531],[77.320404,31.287869],[77.307628,31.276068],[77.137706,31.237901],[77.115001,31.254706],[77.0796,31.26199],[76.993744,31.306708],[76.929128,31.367703],[76.882416,31.36876],[76.884207,31.414578],[76.836029,31.428412],[76.82545,31.429145],[76.784597,31.409288],[76.764659,31.408637],[76.736501,31.391872],[76.734955,31.38288],[76.747325,31.371202],[76.750255,31.358344],[76.743093,31.317694],[76.736501,31.308661],[76.693614,31.312445],[76.683116,31.278876],[76.670014,31.269599],[76.649669,31.267686],[76.628347,31.274115],[76.609874,31.288845],[76.552175,31.352973],[76.469168,31.425971],[76.419037,31.41767],[76.40089,31.429145],[76.394623,31.4171],[76.36671,31.402411],[76.378184,31.338975],[76.437266,31.242743],[76.553396,31.1706],[76.564138,31.153835],[76.572276,31.110663],[76.587332,31.078559],[76.538097,31.058905],[76.531261,31.045518],[76.538585,31.015896],[76.532237,30.997341],[76.505789,30.977851],[76.472911,30.970404],[76.452891,30.97366],[76.426199,30.997748],[76.395437,31.011542],[76.332612,31.004584],[76.291026,31.018826],[76.270518,31.004584],[76.208507,31.018826],[76.167491,31.004584],[76.122813,31.004584],[76.08253,30.990912],[75.999766,30.99433],[75.922944,31.022528],[75.829682,30.997138],[75.790701,31.004584],[75.754487,30.995307],[75.634939,30.987128],[75.606375,30.990912],[75.575694,30.977403],[75.539154,30.972602],[75.3956,30.985175],[75.332042,31.004584],[75.296479,31.034695],[75.250987,31.047146],[75.233165,31.060004],[75.222179,31.052314],[75.19752,31.052273],[75.177175,31.089911],[75.149669,31.101426],[75.118582,31.100775],[75.112315,31.10696],[75.125987,31.121283],[75.078217,31.147976],[75.033214,31.183295],[74.933849,31.16295],[74.836436,31.158555],[74.81129,31.147976],[74.761974,31.1081],[74.740245,31.101426],[74.708263,31.114366],[74.687755,31.097724],[74.600597,31.05683],[74.563731,31.025214],[74.563569,31.004584],[74.519054,30.962673],[74.441173,30.946397],[74.424083,30.932563],[74.40089,30.893337],[74.342052,30.902167],[74.318858,30.893622],[74.30364,30.874213],[74.311046,30.856147],[74.299815,30.838406],[74.256277,30.815497],[74.266205,30.788601],[74.190684,30.717231],[74.184174,30.697089],[74.169688,30.687364],[74.163178,30.665107],[74.111095,30.646511],[74.067149,30.610704],[74.056733,30.591824],[74.061127,30.555772],[74.05714,30.531602],[74.043712,30.518866],[74.003998,30.509101],[73.938731,30.426215],[73.91627,30.417304],[73.899506,30.42239],[73.905691,30.395046],[73.887218,30.396755],[73.867198,30.387722],[73.8449,30.357204],[73.834076,30.352647],[73.769786,30.367743],[73.73953618616783,30.355414343395932]]]}},{"type":"Feature","properties":{"name":"Mahanadi","name_hi":"महानदी","source_name":"Mahäna Nadï","weight":1.0},"geometry":{"type":"MultiLineString","coordinates":[[[80.625255,20.598985],[80.639171,20.623074],[80.638276,20.645535],[80.614757,20.698025],[80.632091,20.753363],[80.719168,20.766669],[80.755056,20.784695],[80.774994,20.822862],[80.809825,20.862616],[80.841807,20.935736],[80.896983,21.003607],[80.930675,21.027615],[80.993337,21.041815],[81.030935,21.065212],[81.088308,21.054267],[81.107188,21.064968],[81.134695,21.09573],[81.159434,21.102118],[81.214773,21.096218],[81.231619,21.102118],[81.243093,21.137234],[81.245372,21.174669],[81.231619,21.215399],[81.235932,21.228583],[81.26588,21.239285],[81.305186,21.327663],[81.310313,21.359931],[81.362641,21.420274],[81.368907,21.435126],[81.356456,21.487494],[81.389415,21.573676],[81.423106,21.586697],[81.427338,21.61461],[81.519135,21.612982],[81.542572,21.631537],[81.593191,21.640082],[81.602306,21.636542],[81.60906,21.595526],[81.644054,21.589952],[81.674083,21.575995],[81.689545,21.585557],[81.698171,21.606309],[81.697276,21.630316],[81.668712,21.661892],[81.681082,21.681464],[81.713145,21.690456],[81.717784,21.701972],[81.700694,21.758246],[81.75587,21.756903],[81.771902,21.765082],[81.834972,21.766872],[81.878998,21.781562],[81.972179,21.856269],[82.013113,21.8699],[82.034923,21.888251],[82.061615,21.884589],[82.109386,21.849392],[82.170095,21.851752],[82.186453,21.788398],[82.199148,21.774929],[82.219249,21.766872],[82.276541,21.760037],[82.310476,21.72545],[82.324718,21.719062],[82.391612,21.729682],[82.444428,21.75377],[82.471934,21.742458],[82.503184,21.74018],[82.530528,21.75377],[82.577566,21.729112],[82.61964,21.733344],[82.674408,21.719062],[82.695242,21.733344],[82.755626,21.719591],[82.806163,21.735216],[82.852306,21.702501],[82.891124,21.704535],[83.017019,21.73546],[83.03419,21.733344],[83.078624,21.711453],[83.115733,21.726915],[83.141124,21.723415],[83.185639,21.70539],[83.323253,21.691718],[83.390229,21.692491],[83.467052,21.645535],[83.487071,21.650743],[83.50294,21.666124],[83.528087,21.720282],[83.54892,21.740505],[83.575287,21.747626],[83.66505,21.724189],[83.714366,21.694688],[83.773936,21.612331],[83.818614,21.567572],[83.833507,21.532823],[83.857595,21.520128]],[[83.856537,21.520453],[83.933849,21.492377],[83.963471,21.467353],[83.980072,21.431667],[83.97462,21.390163],[83.917735,21.336249],[83.897472,21.307563],[83.896495,21.288642],[83.911143,21.229031],[83.90919,21.204942],[83.830007,21.054755],[83.822032,21.01793],[83.832774,20.930772],[83.897472,20.876776],[83.964773,20.835883],[84.007498,20.818915],[84.04835,20.814073],[84.091319,20.827419],[84.167979,20.875678],[84.206065,20.890448],[84.291433,20.876776],[84.313487,20.867743],[84.323009,20.846462],[84.3296,20.800401],[84.344005,20.774522],[84.364675,20.757392],[84.418468,20.740058],[84.516205,20.736192],[84.544363,20.724066],[84.603933,20.67947],[84.682872,20.646023],[84.707774,20.629462],[84.729747,20.607611],[84.764415,20.539333],[84.781261,20.521267],[84.809581,20.512274],[84.866954,20.52265],[84.895437,20.518093],[85.016205,20.438788],[85.076671,20.423163],[85.092784,20.404853],[85.169363,20.378363],[85.206065,20.381863],[85.233409,20.396308],[85.256602,20.387641],[85.26588,20.367499],[85.277273,20.363308],[85.34433,20.356716],[85.364187,20.360419],[85.397472,20.3817],[85.473725,20.374701],[85.504242,20.379014],[85.55421,20.396064],[85.60377,20.437323],[85.644786,20.457831],[85.682384,20.437323],[85.723643,20.437323],[85.748546,20.465277],[85.772472,20.471381],[85.819835,20.451606],[85.865326,20.445746],[85.956716,20.364814],[86.011322,20.366726],[86.06308,20.261298],[86.083588,20.239325],[86.14503,20.212022],[86.15683,20.179389],[86.158702,20.143134]]]}},{"type":"Feature","properties":{"name":"Krishna","name_hi":"कृष्णा","source_name":"Krishna","weight":1.0},"geometry":{"type":"MultiLineString","coordinates":[[[73.796397,17.991807],[73.856049,17.976182],[73.931407,17.910264],[73.947276,17.888129],[73.983165,17.804877],[74.036062,17.765245],[74.053722,17.686469],[74.125418,17.641791],[74.139415,17.614814],[74.146088,17.578966],[74.142507,17.5421],[74.125418,17.51203],[74.090343,17.490546],[74.091319,17.470404],[74.103119,17.444607],[74.108409,17.391628],[74.177664,17.304145],[74.204845,17.292304],[74.20989,17.281602],[74.19337,17.234687],[74.22169,17.196723],[74.208425,17.183539],[74.187511,17.176215],[74.203217,17.154364],[74.234304,17.13703],[74.26946,17.12873],[74.297374,17.13406],[74.30364,17.107286],[74.323741,17.120388],[74.336355,17.120063],[74.366222,17.100531],[74.359874,17.077094],[74.375906,17.055854],[74.379324,17.031602],[74.419932,17.047634],[74.444916,17.040229],[74.461192,17.011094],[74.448009,16.993435],[74.480561,16.947333],[74.508311,16.934394],[74.55071,16.881415],[74.53297,16.863389],[74.53297,16.856024],[74.551524,16.829535],[74.576182,16.815253],[74.623464,16.804267],[74.634776,16.794257],[74.646251,16.768744],[74.694591,16.744249],[74.671153,16.729926],[74.615896,16.719997],[74.605235,16.699815],[74.614024,16.678046],[74.634939,16.659451],[74.680919,16.634385],[74.680919,16.628201],[74.64446,16.624376],[74.630626,16.61697],[74.635916,16.603339],[74.678152,16.569119],[74.698009,16.565497],[74.73463,16.585639],[74.793468,16.597683],[74.804454,16.613878],[74.806163,16.650743],[74.88974,16.669135],[74.901866,16.662055],[74.916433,16.634955],[74.934825,16.634385],[74.948822,16.644558],[74.964692,16.670111],[74.982595,16.67536],[75.023529,16.633897],[75.094819,16.540107],[75.105479,16.51085],[75.136729,16.528632],[75.160085,16.551825],[75.154552,16.590766],[75.160085,16.606472],[75.187511,16.627712],[75.217214,16.626654],[75.244151,16.612372],[75.263194,16.59337],[75.283946,16.604356],[75.3178,16.586249],[75.360037,16.601589],[75.374441,16.587022],[75.40032,16.538153],[75.420909,16.538153],[75.451915,16.514594],[75.459076,16.495307],[75.438406,16.456366],[75.4345,16.436347],[75.439708,16.425157],[75.476166,16.433214],[75.516612,16.469509],[75.530935,16.466132],[75.551768,16.436347],[75.568126,16.428656],[75.604991,16.444159],[75.640717,16.446234],[75.663829,16.4289],[75.7081,16.41531],[75.721772,16.381171],[75.785574,16.349066],[75.80657,16.348456],[75.831635,16.360663],[75.850515,16.358588],[75.892589,16.340522],[75.91155,16.321967],[75.983165,16.312201],[75.995372,16.305732],[76.024506,16.283067],[76.053233,16.271796],[76.058849,16.256619],[76.058197,16.222846],[76.0796,16.197781],[76.201671,16.181912],[76.239024,16.16352],[76.280772,16.154568],[76.297862,16.183905],[76.330984,16.197699],[76.382823,16.253485],[76.403901,16.257636],[76.459402,16.244412],[76.476573,16.2508],[76.552257,16.33629],[76.61321,16.346381],[76.6303,16.355414],[76.654877,16.381863],[76.736501,16.41531],[76.762218,16.434109],[76.773936,16.436347],[76.809255,16.419501],[76.846121,16.438178],[76.874522,16.483507],[76.933604,16.496405],[76.944021,16.510565],[76.967296,16.511786],[76.978526,16.556912],[76.990001,16.565497],[77.018077,16.509955],[77.051524,16.518988],[77.099864,16.490343],[77.134532,16.481798],[77.148692,16.471991],[77.154389,16.452826],[77.165457,16.441514],[77.393972,16.381171],[77.493256,16.378241],[77.571707,16.347927],[77.645763,16.351996],[77.73463,16.326606],[77.897716,16.219753],[77.911388,16.201443],[77.935802,16.140937],[77.952566,16.122748],[77.989757,16.098497],[78.072358,16.024848],[78.128347,16.00373],[78.160574,15.958808],[78.176036,15.949164],[78.192149,15.94949],[78.231212,15.966091],[78.254161,15.991767],[78.255951,16.005683],[78.244395,16.03852],[78.299815,16.022813],[78.316335,16.02794],[78.341563,16.059434],[78.353526,16.05268],[78.378835,16.075873],[78.399994,16.083441],[78.464285,16.085761],[78.499766,16.093777],[78.511485,16.091986],[78.539561,16.065538],[78.559662,16.056708],[78.581554,16.056179],[78.6456,16.071601],[78.684174,16.046332],[78.73406,16.0303],[78.760916,16.027696],[78.791108,16.034532],[78.839447,16.066718],[78.845795,16.085476],[78.839122,16.124823],[78.846934,16.150743],[78.881847,16.138292],[78.897716,16.142768],[78.922862,16.189765],[79.021658,16.247138],[79.091563,16.228827],[79.136322,16.227851],[79.160574,16.219346],[79.184093,16.221015],[79.210053,16.236599],[79.233409,16.330512],[79.208263,16.388699],[79.2199,16.473334],[79.213471,16.493232],[79.247813,16.554023],[79.265636,16.569607],[79.337983,16.585232],[79.417735,16.590196],[79.477061,16.631781],[79.504324,16.641872],[79.550548,16.629706],[79.584972,16.648546],[79.59433,16.669135],[79.634695,16.669135],[79.679698,16.689032],[79.720876,16.689032],[79.751964,16.723741],[79.771658,16.727118],[79.812592,16.711493],[79.826264,16.692084],[79.861501,16.70661],[79.882335,16.703233],[79.909679,16.631293],[79.9581,16.630439],[79.97169,16.654853],[80.042979,16.738552],[80.052989,16.785224],[80.073334,16.822862],[80.097911,16.820095],[80.120535,16.791327],[80.135671,16.751044],[80.135671,16.672227],[80.140391,16.658271],[80.192393,16.612413],[80.272065,16.579779],[80.291921,16.587592],[80.313731,16.586737],[80.358409,16.579779],[80.390717,16.565538],[80.403331,16.584093],[80.47047,16.592149],[80.509939,16.564236],[80.528575,16.560818],[80.567475,16.524522],[80.620697,16.493964],[80.635753,16.468573],[80.683035,16.436347],[80.706716,16.397325],[80.717784,16.35696],[80.759288,16.305447],[80.773855,16.312283],[80.784272,16.307563],[80.817393,16.26378],[80.838878,16.163886],[80.868582,16.107449],[80.882742,16.013699]]]}},{"type":"Feature","properties":{"name":"Yamuna","name_hi":"यमुना","source_name":"Yamuna","weight":1.0},"geometry":{"type":"MultiLineString","coordinates":[[[78.339936,30.915147],[78.25058,30.840277],[78.217052,30.819607],[78.131114,30.794135],[78.09547,30.775499],[78.072358,30.737657],[78.053722,30.665839],[78.020518,30.64704],[77.9699,30.521064],[77.9581,30.511054],[77.894216,30.538398],[77.860037,30.51793],[77.791596,30.507351],[77.768565,30.498236],[77.664968,30.44599],[77.575857,30.428778],[77.565359,30.414903],[77.586436,30.380723],[77.584972,30.325263],[77.538178,30.209418],[77.513682,30.177436],[77.484304,30.15294],[77.370128,30.096503],[77.338959,30.069688],[77.323253,30.064399],[77.317882,30.040473],[77.284679,30.038153],[77.277354,30.017646],[77.229991,29.976671],[77.220876,29.960761],[77.180431,29.804307],[77.161876,29.771267],[77.133881,29.764431],[77.141368,29.733425],[77.137462,29.722846],[77.106619,29.702338],[77.11378,29.682196],[77.087901,29.658555],[77.093679,29.640937],[77.085704,29.624091],[77.099864,29.589057],[77.064708,29.569607],[77.058116,29.555528],[77.072358,29.52794],[77.065684,29.50373],[77.077566,29.492255],[77.105235,29.495429],[77.120209,29.483832],[77.072765,29.440131],[77.065684,29.424872],[77.130626,29.426459],[77.148204,29.414984],[77.149913,29.403428],[77.132823,29.37226],[77.133881,29.342637],[77.149994,29.313341],[77.130626,29.280626],[77.141368,29.130398],[77.133881,29.1164],[77.148204,29.099677],[77.169444,29.036485],[77.195567,28.997626],[77.177664,28.980658],[77.175548,28.963162],[77.209727,28.935167],[77.220714,28.914415],[77.202159,28.877061],[77.216726,28.843573],[77.195567,28.80683],[77.197765,28.790961],[77.216563,28.788275],[77.216563,28.749579],[77.230072,28.732856],[77.223155,28.693956]],[[77.223155,28.693956],[77.250011,28.647162],[77.259044,28.592597],[77.289968,28.578884],[77.343435,28.498358],[77.376964,28.484198],[77.377208,28.45539],[77.407644,28.469062],[77.415294,28.465033],[77.428233,28.430732],[77.465831,28.434353],[77.468191,28.396755],[77.475678,28.391384],[77.497081,28.393337],[77.471934,28.340522],[77.466401,28.315253],[77.487885,28.299018],[77.490733,28.263617],[77.528901,28.253526],[77.538585,28.243109],[77.528331,28.237901],[77.5206,28.217312],[77.497081,28.209011],[77.501557,28.196723],[77.528575,28.192979],[77.538585,28.181016],[77.507253,28.170274],[77.494884,28.151923],[77.503835,28.092882],[77.469737,28.11282],[77.476492,28.07156],[77.468028,28.046902],[77.503835,28.02029],[77.526459,27.974473],[77.529307,27.952582],[77.503835,27.941474],[77.519623,27.898261],[77.551687,27.866319],[77.585053,27.859687],[77.593272,27.845893],[77.591075,27.820258],[77.5796,27.797431],[77.650483,27.811713],[77.679291,27.807807],[77.689871,27.797309],[77.689464,27.7838],[77.67213,27.772284],[77.664561,27.757514],[77.676362,27.744452],[77.687266,27.715684],[77.687104,27.691352],[77.675222,27.663398],[77.69573,27.629584],[77.690359,27.621161],[77.66448,27.614203],[77.655284,27.605048],[77.69573,27.599433],[77.705658,27.587958],[77.682628,27.527167],[77.684581,27.514919],[77.703136,27.495795],[77.720714,27.436469],[77.73821,27.416083],[77.747081,27.383083],[77.791921,27.391669],[77.798757,27.379706],[77.78183,27.352973],[77.77825,27.341864],[77.782644,27.332953],[77.802419,27.314805],[77.821788,27.309149],[77.838959,27.283515],[77.860932,27.26614],[77.868175,27.293972],[77.884369,27.304023],[77.898448,27.292426],[77.90919,27.251329],[77.928396,27.256212],[77.937104,27.29267],[77.952647,27.297797],[77.959972,27.291042],[77.961192,27.259467],[77.976736,27.249376],[77.980561,27.270209],[77.993256,27.273139],[78.018484,27.256212],[78.031179,27.219346],[78.024669,27.180487],[78.074718,27.202094],[78.11085,27.180487],[78.158702,27.173651],[78.188894,27.195583],[78.199962,27.191026],[78.210867,27.169135],[78.197195,27.11225],[78.213878,27.086534],[78.235606,27.083523],[78.24822,27.093288],[78.236908,27.11225],[78.251394,27.112128],[78.261241,27.10696],[78.272227,27.084296],[78.306407,27.125271],[78.348643,27.127468],[78.360362,27.11225],[78.341319,27.109646],[78.322765,27.09752],[78.29892,27.063788],[78.310639,27.063259],[78.343028,27.07807],[78.411143,27.055976],[78.429861,27.037421],[78.44044,27.015001],[78.435476,26.996161],[78.456635,26.993516],[78.479015,26.981309],[78.497081,26.965277],[78.513927,26.929389],[78.52296,26.925645],[78.531668,26.934678],[78.511241,26.981879],[78.555919,26.975653],[78.562511,26.946357],[78.590587,26.926785],[78.593761,26.937812],[78.583995,26.950303],[78.586355,26.955146],[78.604747,26.95421],[78.617198,26.910427],[78.62794,26.893256],[78.641612,26.886298],[78.67571,26.91413],[78.695567,26.921454],[78.703624,26.899929],[78.729015,26.919013],[78.75823,26.899929],[78.771902,26.872016],[78.799327,26.86579],[78.815033,26.841742],[78.838878,26.831488],[78.857921,26.80329],[78.943289,26.783271],[78.928966,26.762152],[78.985362,26.757514],[79.004649,26.762152],[78.99879,26.746894],[78.98349,26.735419],[79.002533,26.728787],[79.015717,26.700548],[79.034597,26.692084],[79.038178,26.654364],[79.04599,26.641181],[79.066661,26.639228],[79.066661,26.633083],[79.052419,26.625596],[79.083507,26.598253],[79.127533,26.605089],[79.172862,26.591417],[79.203217,26.564154],[79.204031,26.545193],[79.292735,26.52322],[79.244884,26.502061],[79.261974,26.480414],[79.210704,26.444363],[79.21933,26.431016],[79.285818,26.44123],[79.296641,26.434109],[79.31308,26.406521],[79.324718,26.404364],[79.374441,26.417589],[79.416026,26.43655],[79.462576,26.4383],[79.474213,26.428778],[79.480235,26.383857],[79.504161,26.349677],[79.532237,26.364936],[79.555431,26.360378],[79.556163,26.349189],[79.528575,26.320583],[79.52296,26.304999],[79.531993,26.288031],[79.566417,26.262519],[79.626882,26.250922],[79.638438,26.219021],[79.648936,26.209662],[79.72405,26.186794],[79.747976,26.16413],[79.738536,26.155788],[79.739838,26.136501],[79.772472,26.11164],[79.847097,26.114691],[79.886485,26.091579],[79.899913,26.095282],[79.927419,26.162462],[79.949474,26.162665],[79.957774,26.141425],[79.951671,26.088324],[79.958507,26.072374],[79.984793,26.06391],[80.059093,26.076239],[80.080333,26.070665],[80.092784,26.054999],[80.093028,26.037055],[80.073416,26.009304],[80.080496,25.998847],[80.107514,25.988796],[80.140636,25.964138],[80.170095,25.954942],[80.193858,25.928046],[80.211192,25.920478],[80.255951,25.929511],[80.276866,25.926337],[80.296886,25.891872],[80.361501,25.913031],[80.406668,25.914903],[80.446381,25.90587],[80.537039,25.869086],[80.545502,25.855333],[80.539968,25.843207],[80.516043,25.837958],[80.46933,25.842353],[80.459076,25.835273],[80.471446,25.810614],[80.49171,25.791327],[80.511322,25.785834],[80.567556,25.786241],[80.560557,25.744574],[80.567475,25.734483],[80.649099,25.71365],[80.682872,25.693874],[80.730479,25.686469],[80.779552,25.689887],[80.806407,25.72309],[80.817393,25.728095],[80.838634,25.71837],[80.851166,25.683905],[80.923432,25.685492],[80.933523,25.674343],[80.940522,25.625434],[80.951264,25.614285],[80.968679,25.612901],[81.023204,25.625678],[81.026866,25.594306],[80.999115,25.570665],[81.017345,25.542548],[81.086843,25.511298],[81.183849,25.494696],[81.192149,25.474392],[81.184255,25.457831],[81.152843,25.429877],[81.14796,25.411444],[81.173106,25.378363],[81.24407,25.354112],[81.261241,25.329413],[81.320404,25.344509],[81.344493,25.342393],[81.384776,25.320258],[81.396251,25.303534],[81.383311,25.289984],[81.390636,25.280341],[81.47226,25.26557],[81.51295,25.27558],[81.620128,25.347927],[81.660574,25.358181],[81.725597,25.356757],[81.760265,25.333848],[81.77825,25.327704],[81.795421,25.329942],[81.810802,25.341091],[81.811697,25.348822],[81.797374,25.366156],[81.794932,25.383612],[81.828298,25.416368],[81.87558,25.427069],[81.903087,25.414618]]]}},{"type":"Feature","properties":{"name":"Narmada","name_hi":"नर्मदा","source_name":"Narmada","weight":1.0},"geometry":{"type":"MultiLineString","coordinates":[[[81.574229,22.75373],[81.461925,22.765163],[81.437755,22.787909],[81.421397,22.826443],[81.407644,22.842637],[81.280203,22.877265],[81.24879,22.897773],[81.176524,22.925076],[81.174734,22.940701],[81.162364,22.948269],[81.105398,22.952989],[81.035248,22.981879],[81.016043,22.976874],[81.000987,22.930447],[80.931895,22.952338],[80.889089,22.952989],[80.900401,23.004421],[80.892833,23.017849],[80.841889,23.055365],[80.817149,23.039496],[80.802419,22.995185],[80.765554,23.021267],[80.737071,23.005398],[80.665701,22.994167],[80.629405,22.964382],[80.591238,22.973456],[80.519135,22.952989],[80.531668,22.928046],[80.531505,22.905951],[80.519135,22.880683],[80.481619,22.853054],[80.476736,22.842353],[80.498627,22.796088],[80.491466,22.748603],[80.510346,22.726101],[80.497162,22.696885],[80.477794,22.674669],[80.501964,22.645453],[80.505463,22.623399],[80.45045,22.578966],[80.40797,22.575954],[80.372651,22.594672],[80.340017,22.632514],[80.334076,22.654405],[80.333914,22.710964],[80.32724,22.726426],[80.285737,22.733262],[80.279552,22.778266],[80.268891,22.795518],[80.216563,22.800564],[80.197032,22.794704],[80.185557,22.773261],[80.16505,22.766181],[80.138682,22.774848],[80.059825,22.774848],[80.025808,22.787909],[80.007823,22.817572],[79.930186,22.877265],[79.929291,22.889024],[79.943858,22.904568],[79.943858,22.942084],[79.914073,22.977322],[79.908295,22.995958],[79.909679,23.007636],[79.943858,23.048611],[79.949636,23.078721],[79.948416,23.096137],[79.94044,23.103827],[79.886648,23.113145],[79.854503,23.101142],[79.834076,23.106309],[79.789236,23.131903],[79.751964,23.117499],[79.717784,23.117499],[79.686534,23.096991],[79.590912,23.113471],[79.573822,23.137966],[79.553966,23.130561],[79.516043,23.136827],[79.431733,23.099229],[79.409923,23.096991],[79.348074,23.106757],[79.311534,23.092108],[79.202566,23.073839],[79.158946,23.069037],[79.126394,23.075954],[79.100841,23.021267],[79.085704,23.015326],[79.038992,23.016221],[79.003184,23.038642],[78.964122,23.048285],[78.771902,23.041124],[78.730968,23.048611],[78.644949,23.021267],[78.607432,23.021267],[78.474864,23.000352],[78.394542,22.959174],[78.384044,22.938747],[78.312511,22.904568],[78.285818,22.863593],[78.273855,22.868598],[78.244395,22.863593],[78.22047,22.890245],[78.17099,22.882514],[78.135346,22.842719],[78.120372,22.788764],[78.102631,22.791449],[78.072358,22.808376],[78.031993,22.80211],[77.993907,22.822618],[77.938406,22.808295],[77.926524,22.820014],[77.929454,22.829617],[77.921641,22.860541],[77.908621,22.863593],[77.875662,22.837104],[77.860037,22.873562],[77.819021,22.849311],[77.761322,22.774848],[77.739024,22.771552],[77.639415,22.731513],[77.580333,22.680732],[77.554128,22.676866],[77.524913,22.657538],[77.424734,22.626736],[77.359874,22.596055],[77.312592,22.559678],[77.294688,22.565701],[77.27239,22.594835],[77.262462,22.596137],[77.223643,22.581081],[77.140229,22.562812],[77.086029,22.514187],[77.049083,22.501003],[76.921641,22.493679],[76.872325,22.457384],[76.833995,22.448432],[76.802989,22.425727],[76.783376,22.394884],[76.784434,22.345974],[76.778331,22.327257],[76.76295,22.309923],[76.688731,22.263536],[76.667735,22.258368],[76.635916,22.263699],[76.56544,22.226752],[76.543956,22.231024],[76.476573,22.281358],[76.468272,22.301052],[76.476573,22.322333],[76.422537,22.335964],[76.370942,22.32571],[76.311534,22.301866],[76.241628,22.292304],[76.225841,22.284776],[76.202078,22.251003],[76.18808,22.242458],[76.096772,22.242214],[76.065929,22.226426],[76.043386,22.22724],[75.996755,22.198839],[75.954194,22.187852],[75.817963,22.185818],[75.739187,22.157904],[75.69044,22.154568],[75.653575,22.171495],[75.63144,22.172797],[75.468354,22.153144],[75.404063,22.137397],[75.340261,22.139716],[75.232188,22.123114],[75.191173,22.109483],[75.146495,22.109483],[75.112315,22.095811],[75.067556,22.102607],[75.047293,22.099148],[74.982595,22.075995],[74.896983,22.082139],[74.81129,22.068468],[74.769786,22.075995],[74.700206,22.050157],[74.567393,22.020697],[74.547944,22.028998],[74.530854,22.049669],[74.495372,22.041205],[74.432709,22.039496],[74.396007,22.02558],[74.35198,21.986599],[74.289968,21.966132],[74.284272,21.945014],[74.249034,21.929796],[74.204845,21.925116],[74.128835,21.951768],[74.061046,21.940375],[73.97462,21.90119],[73.964936,21.887803],[73.942556,21.87462],[73.917572,21.86697],[73.899506,21.8699],[73.870942,21.854682],[73.792491,21.837104],[73.73821,21.837755],[73.699636,21.848578],[73.687266,21.856269],[73.677745,21.886094],[73.607026,21.912055],[73.588145,21.944444],[73.563569,21.95543],[73.543224,21.979763],[73.501394,21.973009],[73.443614,21.986599],[73.425385,21.93122],[73.412852,21.91767],[73.373627,21.928534],[73.336681,21.88581],[73.303722,21.890408],[73.268077,21.936469],[73.249034,21.938788],[73.231944,21.929714],[73.227306,21.914578],[73.245128,21.844428],[73.239757,21.835028],[73.221121,21.828925],[73.198334,21.830268],[73.153331,21.856269],[73.13616,21.843858],[73.158783,21.776557],[73.131765,21.75377]]]}},{"type":"Feature","properties":{"name":"Chenab","name_hi":"चिनाब","source_name":"Chenab","weight":1.0},"geometry":{"type":"MultiLineString","coordinates":[[[77.435557,32.293077],[77.356456,32.316718],[77.297781,32.368232],[77.133881,32.456977],[77.078705,32.500434],[76.992198,32.512803],[76.975841,32.525173],[76.968191,32.541612],[76.955089,32.59455],[76.875092,32.638699],[76.730479,32.673407],[76.646576,32.733751],[76.60906,32.750596],[76.477061,32.754462],[76.444347,32.768256],[76.428233,32.799628],[76.428233,32.822862],[76.433035,32.842312],[76.461518,32.889594],[76.462413,32.908759],[76.448741,32.9442],[76.431895,32.95954],[76.428233,32.970893],[76.433116,33.032904],[76.416433,33.062079],[76.354747,33.115912],[76.315196,33.134589],[76.307628,33.148871],[76.277354,33.155829],[76.245535,33.178982],[76.19866,33.242458],[76.167491,33.265692],[76.126475,33.280056],[76.103282,33.30329],[76.024099,33.334581],[75.963878,33.339179],[75.832612,33.377265],[75.770763,33.383002],[75.752371,33.379503],[75.727468,33.350857],[75.729584,33.319037],[75.790619,33.249538],[75.808442,33.216864],[75.811127,33.18126],[75.800141,33.162055],[75.780935,33.156114],[75.702729,33.170966],[75.632091,33.143866],[75.499929,33.149685],[75.407725,33.136013],[75.363536,33.139919],[75.324636,33.155829],[75.292003,33.209581],[75.252208,33.221869],[75.183523,33.26557],[75.14267,33.274359],[75.129975,33.263943],[75.129161,33.234442],[75.123546,33.225775],[75.083507,33.201117],[75.075857,33.174099],[75.059581,33.162543],[74.997569,33.177802],[74.903575,33.168321],[74.81837,33.193386],[74.80071,33.17947],[74.807546,33.143988],[74.79184,33.056708],[74.808523,33.001899],[74.783295,32.936794],[74.779796,32.911973],[74.739675,32.892117],[74.72462,32.873155],[74.653087,32.854804],[74.603282,32.818712],[74.542247,32.790391],[74.496104,32.726426],[74.468679,32.701117],[74.377533,32.64407],[74.35236186397144,32.62090281249693]]]}},{"type":"Feature","properties":{"name":"Jhelum","name_hi":"झेलम","source_name":"Jhelum","weight":1.0},"geometry":{"type":"MultiLineString","coordinates":[[[74.594168,34.379584],[74.585704,34.391059],[74.569021,34.398464],[74.549734,34.391384],[74.540538,34.374864],[74.549246,34.336453],[74.5442,34.314073],[74.531749,34.301622],[74.40797,34.268907],[74.375906,34.249538],[74.340343,34.214423],[74.29892,34.207343],[74.26946,34.177517],[74.228526,34.177517],[74.17392,34.150906],[74.118663,34.149604],[74.020437,34.098822],[73.974864,34.111518],[73.912852,34.101833],[73.896251,34.105251],[73.818614,34.156033],[73.785167,34.166205],[73.690929,34.174994],[73.610769,34.214871],[73.513438,34.324042],[73.481049,34.33515],[73.453868,34.33515],[73.487885,34.198025],[73.487885,34.129096],[73.516124,34.007351],[73.577403,33.90998],[73.580089,33.876247],[73.564708,33.802924],[73.593354,33.74494],[73.597748,33.707953],[73.575125,33.662624],[73.570567,33.633002],[73.612234,33.592475],[73.630463,33.556098],[73.628673,33.530463],[73.612234,33.518988],[73.625255,33.45128],[73.601736,33.440782],[73.592052,33.410915],[73.5713,33.386583],[73.573985,33.36876],[73.600841,33.332099],[73.604503,33.266384],[73.62558,33.230333],[73.6692,33.187812],[73.672862,33.16828],[73.620046,33.123562],[73.638113,33.102322],[73.670421,33.083848],[73.761241,33.044704],[73.777924,33.018175],[73.769786,32.977729],[73.727957,32.94005],[73.7104565941782,32.91388662584771]],[[75.366222,33.444444],[75.35255,33.484809],[75.314708,33.502224],[75.249522,33.553738],[75.188569,33.582872],[75.174327,33.615587],[75.105479,33.704535],[75.118582,33.742377],[75.101573,33.800238],[75.019542,33.879584],[74.982595,33.950954],[74.916433,33.964911],[74.90683,33.975165],[74.900483,34.014919],[74.890147,34.026068],[74.717459,34.140163],[74.625499,34.251532],[74.618744,34.270046],[74.632498,34.310981],[74.629649,34.333075],[74.593842,34.37991]]]}},{"type":"Feature","properties":{"name":"Kaveri","name_hi":"कावेरी","source_name":"Cauvery","weight":1.0},"geometry":{"type":"MultiLineString","coordinates":[[[75.660411,12.337958],[75.743582,12.284491],[75.797537,12.303819],[75.811127,12.317491],[75.82545,12.310085],[75.849213,12.310858],[75.86964,12.320624],[75.894216,12.354112],[75.92099,12.433539],[75.95517,12.443793],[75.959727,12.495185],[75.977957,12.536648],[76.013601,12.574164],[76.039236,12.614325],[76.054779,12.619167],[76.119151,12.601752],[76.127696,12.58751],[76.165701,12.582302],[76.179698,12.555609],[76.192556,12.542914],[76.222748,12.529731],[76.232595,12.515489],[76.253184,12.522976],[76.291026,12.509304],[76.343191,12.508002],[76.38974,12.486029],[76.400076,12.487982],[76.406993,12.501817],[76.40325,12.516181],[76.408214,12.526475],[76.417898,12.529649],[76.432384,12.51614]],[[76.432221,12.516303],[76.47462,12.460883],[76.496593,12.452501],[76.602143,12.419542],[76.657644,12.440375],[76.708425,12.424506],[76.736501,12.406277],[76.778738,12.400458],[76.79241,12.367011],[76.913666,12.225531],[76.925304,12.221259],[76.96933,12.235541],[77.015554,12.238145],[77.011322,12.182888],[77.038992,12.172878],[77.052175,12.169704],[77.062266,12.186835],[77.120209,12.200792],[77.124766,12.211737],[77.120209,12.235541],[77.128998,12.248155],[77.164968,12.272773],[77.182872,12.308132],[77.195893,12.317491],[77.212494,12.311143],[77.299327,12.306342],[77.346202,12.282742],[77.424897,12.292996],[77.449229,12.259467],[77.476573,12.241767],[77.483409,12.207628],[77.667735,12.203925],[77.698416,12.198065],[77.724539,12.184882],[77.734955,12.163601],[77.727306,12.061103],[77.717214,12.03913],[77.682628,11.996853],[77.672374,11.961208],[77.687429,11.948188],[77.717459,11.945665],[77.775483,11.919623],[77.826427,11.910956],[77.830577,11.898505],[77.818614,11.857042],[77.816824,11.817084],[77.771414,11.666368],[77.74114,11.620144],[77.73935,11.576606],[77.726736,11.554389],[77.730398,11.522406],[77.709972,11.501899],[77.705333,11.473212],[77.687755,11.442816],[77.689708,11.419989],[77.716807,11.378363],[77.757742,11.351101],[77.774832,11.313544],[77.851085,11.24372],[77.858897,11.227403],[77.860037,11.182888],[77.877452,11.154649],[77.888113,11.097846],[77.917003,11.07156],[77.953624,11.076036],[77.993582,11.089545],[78.031993,11.090399],[78.123464,11.061957],[78.142345,11.043036],[78.189057,10.960028],[78.202403,10.951036],[78.233816,10.960028],[78.363048,10.960517],[78.436615,10.939521],[78.486827,10.909451],[78.541921,10.905463],[78.605968,10.877305],[78.62794,10.884955],[78.677989,10.869412]],[[78.600027,10.878119],[78.675792,10.854193],[78.698741,10.834296],[78.730968,10.823513],[78.861746,10.825751],[78.88559,10.820299]],[[78.88559,10.820299],[78.919526,10.842108],[78.966807,10.84455],[79.045665,10.864447],[79.10906,10.86697],[79.151459,10.884223],[79.189545,10.912869],[79.262706,10.934027],[79.433604,10.939561],[79.460541,10.919053],[79.631847,10.934394],[79.6421,10.932685],[79.662608,10.905463],[79.684011,10.900662],[79.755382,10.905463],[79.799815,10.89114],[79.841238,10.905463]],[[78.88559,10.820299],[78.938406,10.796698],[78.958914,10.793891],[78.980479,10.806098],[79.059255,10.816677],[79.145274,10.79621],[79.266531,10.811103],[79.300141,10.809394],[79.368337,10.789374],[79.401866,10.763007],[79.429861,10.723822],[79.463959,10.644721],[79.479991,10.578315],[79.494395,10.559394],[79.500011,10.542996],[79.495372,10.491238],[79.472097,10.437527],[79.469249,10.415798],[79.490326,10.368109],[79.528575,10.338324]]]}},{"type":"Feature","properties":{"name":"Chambal","name_hi":"चंबल","source_name":"Chambal","weight":1.0},"geometry":{"type":"MultiLineString","coordinates":[[[75.667247,22.473212],[75.6338,22.486843],[75.583751,22.523017],[75.544363,22.583075],[75.516856,22.595811],[75.507253,22.611396],[75.503429,22.63821],[75.509776,22.655341],[75.503347,22.726426],[75.468679,22.812079],[75.510183,23.062852],[75.524506,23.096991],[75.510183,23.141384],[75.504324,23.207953],[75.496511,23.226671],[75.460541,23.269232],[75.45045,23.306098],[75.414073,23.350206],[75.392589,23.389675],[75.386648,23.435574],[75.39503,23.467719],[75.366222,23.50788],[75.354584,23.543891],[75.358816,23.67239],[75.354584,23.694525],[75.344168,23.715766],[75.328217,23.726386],[75.293386,23.715644],[75.280691,23.732611],[75.269949,23.774766],[75.278738,23.796942],[75.292979,23.801825],[75.335216,23.795233],[75.34962,23.802354],[75.373057,23.850531],[75.454356,23.907742],[75.476085,23.973985],[75.513113,24.036078],[75.517019,24.059353],[75.511729,24.075629],[75.476085,24.124823],[75.439545,24.147569],[75.414236,24.198676],[75.372325,24.241523],[75.358653,24.268866],[75.352468,24.306098],[75.364675,24.321316],[75.406179,24.33869],[75.445893,24.366889],[75.467703,24.402411],[75.596934,24.541938],[75.59669,24.565701],[75.582774,24.603095],[75.581391,24.647732],[75.507253,24.743964],[75.509939,24.766628],[75.548432,24.781562],[75.592052,24.810085],[75.599864,24.834906],[75.577403,24.910183],[75.554454,24.947333],[75.57366,24.971137],[75.6338,25.008734],[75.719005,25.083441],[75.742931,25.111151],[75.732921,25.121527],[75.744151,25.13878],[75.766205,25.148708],[75.7942,25.14529],[75.80714,25.154975],[75.845307,25.214179],[75.917735,25.283026],[75.930919,25.283718],[75.945323,25.272488],[75.969493,25.234646],[75.986339,25.237494],[76.018321,25.266221],[76.024099,25.279364],[76.02296,25.321845],[76.032481,25.333441],[76.063406,25.347764],[76.071869,25.358181],[76.093028,25.344509],[76.14088,25.354682],[76.126475,25.3817],[76.127859,25.390245],[76.177745,25.498399],[76.222748,25.502143],[76.240815,25.519355],[76.270518,25.529486],[76.277192,25.547227],[76.283621,25.627387],[76.311534,25.659206],[76.285248,25.691596],[76.284923,25.707953],[76.304698,25.720649],[76.322276,25.714464],[76.363292,25.756903],[76.445567,25.79328],[76.476573,25.837958],[76.469168,25.844184],[76.487315,25.85163],[76.554779,25.85163],[76.591889,25.880683],[76.620616,25.885118],[76.641043,25.920478],[76.727061,25.916327],[76.740001,25.923285],[76.759939,25.945909],[76.804291,25.974473],[76.81544,26.018866],[76.887462,26.06391],[76.90797,26.09866],[76.937511,26.104315],[76.96933,26.129462],[76.991791,26.135932],[77.010346,26.166287],[77.049083,26.184353],[77.082286,26.185329],[77.0949,26.198757],[77.099864,26.221503],[77.124766,26.237901],[77.209727,26.242011],[77.230072,26.262519],[77.288097,26.300076],[77.305186,26.331366],[77.335704,26.361151],[77.39503,26.366238],[77.407644,26.372382],[77.41505,26.364936],[77.431244,26.373725],[77.431407,26.400214],[77.441824,26.413357],[77.499929,26.411689],[77.514415,26.416449],[77.616791,26.483018],[77.715017,26.506049],[77.74407,26.5362],[77.809011,26.559353],[77.831472,26.575792],[77.819021,26.605089],[77.880626,26.625596],[77.894216,26.659735],[77.949962,26.669867],[78.012787,26.695624],[78.038259,26.68183],[78.079275,26.682969],[78.085053,26.68948],[78.087332,26.721218],[78.100352,26.742947],[78.092784,26.779853],[78.101166,26.795193],[78.151459,26.783271],[78.16505,26.792019],[78.168956,26.822211],[78.182221,26.81741],[78.204194,26.824774],[78.254893,26.81741],[78.280284,26.851508],[78.326101,26.85989],[78.371349,26.851101],[78.384858,26.82685],[78.427989,26.822577],[78.446056,26.799994],[78.461518,26.792344],[78.518077,26.783271],[78.563487,26.758572],[78.595225,26.75849],[78.614268,26.776435],[78.655203,26.776435],[78.693289,26.797919],[78.710053,26.798936],[78.724132,26.776435],[78.745372,26.789252],[78.754487,26.785753],[78.761974,26.765245],[78.792491,26.762152],[78.842296,26.711982],[78.861339,26.70128],[78.919363,26.707872],[78.935802,26.694525],[78.941173,26.669867],[78.953136,26.666571],[78.997162,26.674018],[78.994233,26.633653],[79.026296,26.591498],[79.073171,26.556179],[79.114513,26.5362],[79.184988,26.525214],[79.196381,26.508897],[79.182628,26.479682],[79.207449,26.477566],[79.244884,26.502061]]]}},{"type":"Feature","properties":{"name":"Brahmaputra","name_hi":"ब्रह्मपुत्र","source_name":"Brahmaputra","weight":1.0},"geometry":{"type":"MultiLineString","coordinates":[[[89.7067808613894,25.479317008706623],[89.697276,25.399278],[89.67885234463333,25.356098642453535]],[[95.396495,28.002956],[95.401541,27.971991],[95.418956,27.941718],[95.461518,27.896796],[95.47169,27.871365],[95.459483,27.843858],[95.437266,27.824815],[95.417003,27.824774],[95.38323,27.793809],[95.330333,27.772406],[95.293468,27.742784],[95.098155,27.691352],[95.081147,27.640448],[95.116954,27.68122],[95.135753,27.687567],[95.144135,27.680487],[95.148367,27.663764],[95.139415,27.629584],[95.102468,27.60989],[95.024913,27.606757],[94.992442,27.599433],[94.94394,27.569403],[94.916596,27.57156],[94.88087,27.528591],[94.868175,27.502997],[94.817556,27.499538],[94.761811,27.458319],[94.752208,27.448594],[94.76946,27.435004],[94.757823,27.419257],[94.649832,27.351833],[94.670095,27.338731],[94.662852,27.32449],[94.646495,27.328152],[94.631847,27.316107],[94.615001,27.276679],[94.634532,27.29918],[94.662852,27.311469],[94.681407,27.305691],[94.684255,27.294949],[94.676687,27.282009],[94.662852,27.269884],[94.648367,27.273057],[94.615001,27.249376],[94.601329,27.194159],[94.587901,27.207587],[94.587576,27.228868],[94.571056,27.218085],[94.565359,27.197048],[94.565684,27.139838],[94.554779,27.101386],[94.518891,27.106024],[94.500906,27.096869],[94.471446,27.069525],[94.448416,27.059394],[94.444347,27.026882],[94.432221,27.007758],[94.399832,26.980536],[94.351492,26.965155],[94.308116,26.927598],[94.264578,26.919013],[94.196869,26.92418],[94.164643,26.896674],[94.148936,26.86579],[94.121593,26.852159],[94.121593,26.86579],[94.114757,26.858344],[94.113292,26.869452],[94.135183,26.906806],[94.113455,26.912421],[94.063487,26.879462],[93.927013,26.831651],[93.863373,26.765937],[93.751557,26.732042],[93.656668,26.714952],[93.61671,26.724799],[93.567963,26.75198],[93.439952,26.768093],[93.410818,26.759589],[93.368337,26.718451],[93.313243,26.739773],[93.274343,26.737128],[93.248057,26.724433],[93.183116,26.674018],[93.119151,26.647488],[93.086681,26.656195],[93.018565,26.646064],[92.898448,26.65351],[92.884207,26.650987],[92.874522,26.625596],[92.85377,26.612006],[92.710704,26.611355],[92.657156,26.590847],[92.623139,26.53323],[92.614513,26.52322],[92.594737,26.517524],[92.508067,26.515733],[92.401541,26.5362],[92.24464,26.471544],[92.230235,26.44123],[92.202647,26.454617],[92.172781,26.442939],[92.124441,26.403388],[92.075776,26.380154],[92.065847,26.372382],[92.069265,26.326117],[92.065847,26.309638],[92.056895,26.30329],[91.997081,26.287055],[91.970795,26.272081],[91.924734,26.268012],[91.891205,26.238796],[91.846121,26.239325],[91.692393,26.171942],[91.665294,26.166449],[91.606944,26.1706],[91.529063,26.141059],[91.498139,26.139757],[91.37558,26.172146],[91.302826,26.162665],[91.198253,26.202826],[91.135509,26.213568],[91.062104,26.186835],[90.963796,26.17414],[90.887462,26.134955],[90.84962,26.130439],[90.831065,26.134711],[90.807384,26.15351],[90.739513,26.162787],[90.682058,26.190009],[90.583018,26.205146],[90.506847,26.228705],[90.473888,26.224555],[90.421479,26.168402],[90.346121,26.148301],[90.294037,26.119737],[90.242442,26.11282],[90.176768,26.077216],[89.954194,26.010688],[89.936615,25.99433],[89.904063,25.941962],[89.846446,25.888739],[89.812999,25.815741],[89.744884,25.709499],[89.72158176874078,25.628809309061726]],[[94.16148667521475,29.214593442690227],[94.194835,29.221869],[94.355968,29.309516]]]}},{"type":"Feature","properties":{"name":"Ghaghara","name_hi":"घाघरा","source_name":"Ghäghara","weight":1.0},"geometry":{"type":"MultiLineString","coordinates":[[[81.24202655347588,28.49572550585186],[81.228526,28.464545],[81.218028,28.407009],[81.19394,28.366767],[81.19752,28.352362],[81.190033,28.345526],[81.19752,28.339301],[81.162852,28.311387],[81.123627,28.335395],[81.099213,28.339382],[81.071381,28.284288],[81.066661,28.24494],[81.127452,28.171576],[81.135509,28.147528],[81.1338,28.110948],[81.170828,28.094509],[81.183849,28.071153],[81.163015,28.05626],[81.155935,28.027126],[81.214366,27.999538],[81.238536,27.94831],[81.288829,27.932807],[81.299897,27.920356],[81.300385,27.904079],[81.278412,27.88878],[81.272716,27.876288],[81.286388,27.845893],[81.272716,27.821357],[81.280203,27.769558],[81.252208,27.714911],[81.292979,27.687038],[81.308197,27.666124],[81.314138,27.6435],[81.299327,27.58161],[81.30657,27.538682],[81.3449,27.478705],[81.354747,27.446234],[81.396251,27.413886],[81.403087,27.393826],[81.403575,27.327948],[81.413829,27.310248],[81.454682,27.283393],[81.458263,27.256212],[81.430268,27.222113],[81.454112,27.197211],[81.458263,27.18419],[81.448985,27.142361],[81.47877,27.098578],[81.474539,27.07685],[81.482188,27.067206],[81.500906,27.058661],[81.568126,27.063788],[81.606944,27.047146],[81.697276,26.961371],[81.719249,26.947781],[81.738048,26.91002],[81.78712,26.896552],[81.792979,26.873847],[81.843679,26.807969],[81.913829,26.803087],[81.945567,26.790066],[81.968842,26.788886],[82.094493,26.853095],[82.187022,26.8192],[82.229503,26.816352],[82.246511,26.796942],[82.225352,26.769599],[82.241466,26.755805],[82.28004,26.74372],[82.324636,26.717149],[82.355072,26.674018],[82.418549,26.648301],[82.454845,26.660753],[82.475597,26.658637],[82.571707,26.613796],[82.649018,26.613593],[82.664154,26.605089],[82.703136,26.561103],[82.729503,26.556708],[82.790294,26.57921],[82.814464,26.577826],[82.879975,26.536241],[82.921479,26.523464],[83.004324,26.476101],[83.076589,26.399522],[83.14796,26.382839],[83.171397,26.386013],[83.230479,26.376044],[83.251557,26.362372],[83.322765,26.351874],[83.42864,26.271064],[83.465587,26.262519],[83.507253,26.27615],[83.55128,26.268663],[83.70753,26.268012],[83.774669,26.248847],[83.826671,26.200873],[83.861827,26.185126],[83.882416,26.141059],[83.897472,26.125312],[83.988048,26.118232],[84.054617,26.091173],[84.107921,26.086859],[84.150401,26.066026],[84.175873,26.022773],[84.206065,26.015448],[84.225515,25.96365],[84.261485,25.931342],[84.279796,25.92711],[84.3449,25.940497],[84.374278,25.940375],[84.396495,25.923774],[84.419526,25.889594],[84.456554,25.869981],[84.531668,25.862128],[84.605479,25.799872],[84.630626,25.74494],[84.641612,25.733751],[84.65797,25.728095],[84.713145,25.741767]]]}},{"type":"Feature","properties":{"name":"Kosi (Sapt Kosi)","name_hi":"कोसी","source_name":"Sapt","weight":1.0},"geometry":{"type":"MultiLineString","coordinates":[[[86.99549866238254,26.691919702616776],[86.981212,26.639228],[86.961436,26.604804],[86.968028,26.556708],[86.937918,26.528144],[86.926036,26.496609],[86.863699,26.460517],[86.754649,26.364936],[86.738373,26.366482],[86.714447,26.35753],[86.637299,26.318142],[86.626475,26.295478],[86.59075,26.262519],[86.548757,26.205919],[86.538992,26.169216],[86.528331,26.154242],[86.461681,26.090644],[86.4463,26.068549],[86.435313,26.02497],[86.418468,25.98961],[86.419444,25.967068],[86.439952,25.940375],[86.436046,25.908271],[86.453054,25.874091],[86.419444,25.810614],[86.422293,25.795437],[86.453624,25.76907],[86.467214,25.720649],[86.523692,25.673611],[86.592214,25.629503],[86.636974,25.633572],[86.659679,25.625678],[86.680186,25.590888],[86.73406,25.543077],[86.72934,25.527859],[86.759939,25.518581],[86.783214,25.482449],[86.809825,25.467353],[86.85255,25.462226],[86.867605,25.475287],[86.888682,25.467353],[86.907644,25.478868],[86.928803,25.47956],[86.974213,25.467353],[87.036062,25.426459],[87.098562,25.446885],[87.187104,25.461208],[87.224213,25.442572],[87.259776,25.434149],[87.296397,25.43948],[87.331635,25.455675],[87.474132,25.425482],[87.516043,25.411485],[87.56837,25.375678],[87.608328,25.371161],[87.631847,25.331366],[87.70696,25.299872],[87.735037,25.275987],[87.758311,25.244208]]]}},{"type":"Feature","properties":{"name":"Siang (Brahmaputra)","name_hi":"सियांग","source_name":"Dihang","weight":1.0},"geometry":{"type":"MultiLineString","coordinates":[[[94.355968,29.309516],[94.4278994092075,29.366878439967643]],[[95.17900525492075,29.26598621780783],[95.112315,29.218573],[95.064708,29.196316],[95.044444,29.17654],[95.000906,29.16824],[95.00294,29.138861],[94.997569,29.130439],[94.908702,29.051052],[94.904796,29.020941],[94.86321,28.992011],[94.831147,28.950466],[94.788503,28.934597],[94.774669,28.845567],[94.784679,28.841824],[94.793468,28.824083],[94.915457,28.82099],[94.924327,28.806423],[94.912527,28.793036],[94.914073,28.773953],[94.92685,28.742987],[94.975597,28.712226],[94.977306,28.682725],[94.982514,28.675401],[94.999115,28.681952],[95.031993,28.616034],[95.097992,28.539374],[95.103526,28.507351],[95.090424,28.455756],[95.096202,28.418036],[95.092459,28.405788],[95.013438,28.326768],[94.999766,28.309353],[94.992931,28.286444],[94.989513,28.250556],[95.019054,28.214545],[95.031993,28.173651],[95.06601,28.15587],[95.129893,28.148057],[95.160085,28.1553],[95.200125,28.178331],[95.255056,28.168036],[95.281342,28.149359],[95.293468,28.114529],[95.316173,28.088731],[95.393077,28.054389],[95.396495,28.002956]]]}},{"type":"Feature","properties":{"name":"Bhima","name_hi":"भीमा","source_name":"Bhima","weight":1.0},"geometry":{"type":"MultiLineString","coordinates":[[[73.694021,19.005398],[73.780772,18.951972],[73.877452,18.848822],[73.899506,18.799994],[73.933604,18.77204],[73.947276,18.731024],[73.986501,18.716742],[73.99822,18.705837],[73.988292,18.683295],[74.054291,18.65412],[74.063975,18.638861],[74.074636,18.639431],[74.135916,18.604763],[74.201752,18.621853],[74.246349,18.665473],[74.263194,18.670233],[74.274343,18.664862],[74.272716,18.636094],[74.300548,18.632107],[74.324229,18.579779],[74.342052,18.573432],[74.407237,18.573432],[74.448009,18.534735],[74.467377,18.52558],[74.471934,18.546251],[74.502859,18.51199],[74.50587,18.498318],[74.526134,18.505723],[74.546641,18.504462],[74.573741,18.478827],[74.610037,18.464667],[74.64739,18.459581],[74.666596,18.471015],[74.653087,18.47781],[74.668712,18.497016],[74.689382,18.507188],[74.708914,18.504259],[74.721202,18.483995],[74.713145,18.433132],[74.715831,18.407091],[74.739024,18.39586],[74.777761,18.400743],[74.790701,18.39586],[74.807872,18.351182],[74.84075,18.339219],[74.845307,18.327582],[74.840587,18.3133],[74.812429,18.293402],[74.796967,18.292263],[74.796967,18.285997],[74.855398,18.253607],[74.928803,18.257676],[74.961518,18.251288],[74.98463,18.237982],[75.02296,18.251288],[75.002533,18.21308],[75.005626,18.201117],[75.033214,18.196641],[75.088959,18.216091],[75.098643,18.196641],[75.084483,18.169298],[75.084483,18.131781],[75.094005,18.116319],[75.139171,18.119818],[75.153901,18.114691],[75.151866,18.095649],[75.088145,18.063178],[75.061046,18.029079],[75.029796,18.004828],[75.017345,17.977729],[75.02532,17.967841],[75.04713,17.963894],[75.062592,17.981228],[75.10434,18.002021],[75.112315,18.004828],[75.133067,17.995551],[75.18808,17.943427],[75.151296,17.922471],[75.132416,17.905382],[75.125987,17.888129],[75.138764,17.875352],[75.194347,17.878241],[75.199148,17.858262],[75.194347,17.846544],[75.163503,17.820421],[75.163259,17.787177],[75.188569,17.7685],[75.268891,17.761176],[75.297944,17.717475],[75.362234,17.679999],[75.377859,17.694444],[75.407725,17.690131],[75.448171,17.710639],[75.447683,17.666612],[75.457123,17.657172],[75.514903,17.645697],[75.503184,17.61754],[75.506765,17.610704],[75.529389,17.599473],[75.541921,17.601345],[75.545665,17.585639],[75.577891,17.553005],[75.602631,17.559841],[75.611908,17.539374],[75.643321,17.544216],[75.653575,17.539374],[75.624604,17.500352],[75.624034,17.483588],[75.659597,17.467149],[75.677989,17.42532],[75.704682,17.415839],[75.740652,17.415717],[75.769949,17.377265],[75.783946,17.374823],[75.831716,17.417019],[75.845307,17.402167],[75.870046,17.416205],[75.886974,17.394721],[75.897553,17.35224],[75.936534,17.325954],[75.963308,17.342637],[76.009858,17.353787],[76.021007,17.346381],[76.046153,17.344184],[76.082612,17.293077],[76.083914,17.283474],[76.071869,17.265652],[76.082449,17.256863],[76.126475,17.243923],[76.170909,17.196723],[76.254405,17.160997],[76.28419,17.176215],[76.312104,17.168321],[76.3449,17.181464],[76.359304,17.148301],[76.387218,17.148301],[76.388276,17.138617],[76.369884,17.130927],[76.361908,17.119208],[76.387218,17.093085],[76.380382,17.066352],[76.416108,17.093085],[76.425304,17.117743],[76.448416,17.140448],[76.462413,17.148301],[76.486501,17.148301],[76.516205,17.167019],[76.558604,17.182196],[76.572276,17.176215],[76.541515,17.130927],[76.516856,17.115668],[76.509939,17.105577],[76.510753,17.086859],[76.579031,17.093085],[76.565847,17.074042],[76.568126,17.065212],[76.579031,17.059597],[76.591889,17.061876],[76.616791,17.086859],[76.657644,17.086859],[76.68214,17.066352],[76.721446,17.144802],[76.735362,17.152167],[76.75172,17.149726],[76.764659,17.13406],[76.764659,17.093085],[76.806651,17.043647],[76.822276,17.038438],[76.852631,17.059597],[76.880056,17.045925],[76.905854,17.043036],[76.914073,17.008409],[76.930431,16.991563],[76.922293,16.947211],[76.938731,16.895087],[76.921397,16.88935],[76.894216,16.839871],[76.90683,16.825466],[76.940196,16.832465],[77.024018,16.791368],[77.063487,16.754421],[77.103282,16.748114],[77.133718,16.726589],[77.141368,16.709499],[77.13087,16.648017],[77.155691,16.645575],[77.164073,16.637519],[77.161876,16.600206],[77.167247,16.576606],[77.190684,16.547471],[77.198171,16.517646],[77.236908,16.469916],[77.257498,16.459174],[77.263682,16.449408],[77.257416,16.449408],[77.284679,16.41531]]]}},{"type":"Feature","properties":{"name":"Teesta","name_hi":"तीस्ता","source_name":"Tista","weight":1.0},"geometry":{"type":"MultiLineString","coordinates":[[[88.591807,27.695095],[88.612315,27.653428],[88.639578,27.632921],[88.659923,27.60578],[88.667003,27.57156],[88.65919,27.555976],[88.646983,27.549913],[88.543956,27.523749],[88.527599,27.487657],[88.5206,27.401557],[88.48878,27.358669],[88.481944,27.32449],[88.460948,27.32449],[88.44752,27.282294],[88.44044,27.276679],[88.462332,27.246161],[88.495372,27.232937],[88.510916,27.183621],[88.533214,27.154324],[88.516124,27.132676],[88.478282,27.11225],[88.457123,27.083441],[88.434662,27.066596],[88.449474,27.012966],[88.44044,26.996161],[88.44044,26.989325],[88.448416,26.989325],[88.442393,26.963324],[88.459727,26.926947],[88.509288,26.858344],[88.612315,26.749091],[88.664154,26.663601],[88.739187,26.59516],[88.756358,26.568305],[88.763113,26.5362],[88.756277,26.502061],[88.775076,26.460069],[88.890717,26.342068],[88.937266,26.276679],[89.054454,26.164659],[89.081716,26.153754],[89.093435,26.138495],[89.133067,26.070665],[89.1588733490513,25.99568853201524]]]}},{"type":"Feature","properties":{"name":"Mahi","name_hi":"माही","source_name":"Mahi","weight":1.0},"geometry":{"type":"MultiLineString","coordinates":[[[72.907319,22.278632],[72.918224,22.296332],[72.965343,22.268175],[72.989024,22.261501],[73.024669,22.287665],[73.039806,22.307237],[73.052745,22.388048],[73.089773,22.49079],[73.128429,22.531846],[73.164073,22.591335],[73.205007,22.61461],[73.228445,22.636786],[73.244884,22.663275],[73.251475,22.691677],[73.243663,22.759101],[73.252045,22.778022],[73.269623,22.787055],[73.33253,22.794989],[73.370535,22.829901],[73.376475,22.856065],[73.367605,22.885525],[73.37379,22.906114],[73.416921,22.947821],[73.430431,22.970771],[73.422537,23.003445],[73.427826,23.024766],[73.435802,23.033149],[73.464692,23.039089],[73.536388,23.098822],[73.57545,23.181342],[73.593761,23.196641],[73.634207,23.203437],[73.654552,23.213731],[73.682546,23.25613],[73.79241,23.268256],[73.810313,23.280829],[73.832123,23.31623],[73.851166,23.329698],[73.913178,23.334744],[73.931244,23.348456],[73.990001,23.414496],[73.998464,23.428738],[74.000011,23.463162],[74.009939,23.491238],[74.056163,23.567816],[74.104096,23.619005],[74.117931,23.668036],[74.116628,23.733954],[74.136811,23.773953],[74.173269,23.793647],[74.256602,23.82392],[74.35198,23.888861],[74.453136,23.914496],[74.470876,23.913357],[74.490733,23.881415],[74.516531,23.874294],[74.51767,23.843777],[74.547944,23.800727],[74.549734,23.756619],[74.524913,23.704535],[74.519054,23.657904],[74.52003,23.640408],[74.541515,23.61286],[74.548106,23.574815],[74.545421,23.561876],[74.526541,23.53852],[74.531179,23.522406],[74.568126,23.476752],[74.605479,23.40766],[74.654552,23.370307],[74.707612,23.342149],[74.714773,23.318061],[74.755626,23.29206],[74.73642,23.274482],[74.758393,23.238105],[74.777273,23.232489],[74.780528,23.17536],[74.794526,23.147406],[74.812266,23.134589],[74.868582,23.132107],[74.908702,23.148749],[74.932221,23.150946],[74.964936,23.142361],[75.005382,23.102362],[75.016694,23.016791],[75.008311,22.924099],[74.989268,22.86282],[74.959727,22.81684],[74.958507,22.795356],[74.973399,22.729804]]]}},{"type":"Feature","properties":{"name":"Tapi","name_hi":"तापी","source_name":"Tapi","weight":1.0},"geometry":{"type":"MultiLineString","coordinates":[[[78.130789,21.700792],[78.027843,21.681952],[77.997081,21.68419],[77.951915,21.715888],[77.924327,21.725124],[77.811127,21.727647],[77.807221,21.773301],[77.778412,21.811103],[77.728933,21.821397],[77.296397,21.804796],[77.302013,21.787421],[77.239513,21.763454],[77.196869,21.733669],[77.069347,21.712348],[77.028819,21.693671],[76.91741,21.618191],[76.899669,21.612738],[76.843679,21.613389],[76.813975,21.600165],[76.793712,21.577094],[76.788259,21.546739],[76.771088,21.512722],[76.726003,21.479519],[76.67335,21.453233],[76.634288,21.440131],[76.606863,21.438992],[76.527843,21.453233],[76.492605,21.45128],[76.388276,21.422187],[76.343435,21.399848],[76.234955,21.297553],[76.173757,21.258857],[76.143565,21.224392],[76.072276,21.171169],[76.057384,21.139838],[76.000418,21.102403],[75.935802,21.075751],[75.867686,21.060858],[75.771495,21.062934],[75.664561,21.104438],[75.578054,21.117458],[75.440196,21.17003],[75.370372,21.170111],[75.303152,21.148261],[75.239838,21.149766],[75.209076,21.159369],[75.177013,21.178778],[75.121593,21.166327],[75.066661,21.170844],[75.014089,21.186306],[74.971772,21.215847],[74.948985,21.2237],[74.923839,21.25377],[74.902599,21.264024],[74.827891,21.280951],[74.807221,21.297919],[74.783702,21.34162],[74.762218,21.36046],[74.704112,21.382025],[74.681244,21.399766],[74.404877,21.444119],[74.383718,21.455512],[74.313894,21.517157],[74.226573,21.509548],[74.134044,21.515937],[73.906505,21.461982],[73.847667,21.424831],[73.790131,21.356635],[73.727468,21.324774],[73.713145,21.310655],[73.703624,21.289252],[73.71046,21.264106],[73.691905,21.247382],[73.62672,21.249213],[73.524343,21.271796],[73.388438,21.280382],[73.341563,21.272406],[73.302175,21.245917],[73.235362,21.243354],[73.183197,21.227322],[73.147065,21.234931],[73.106049,21.273627],[73.071056,21.293769],[72.998139,21.308132],[72.92685,21.276964],[72.877452,21.229315],[72.857432,21.227891],[72.819835,21.2508],[72.801768,21.244656],[72.798757,21.230536],[72.812022,21.202094],[72.805186,21.190863],[72.751394,21.155707],[72.728608,21.148057]]]}},{"type":"Feature","properties":{"name":"Sankh","name_hi":"शंख","source_name":"Sankh","weight":1.0},"geometry":{"type":"MultiLineString","coordinates":[[[83.903412,23.198065],[83.943858,23.178331],[83.963145,23.141913],[83.987722,23.05626],[84.021088,23.021186],[84.073009,22.994493],[84.129324,22.984565],[84.176036,22.999579],[84.217296,23.11282],[84.241466,23.116767],[84.284923,23.057888],[84.391368,22.967597],[84.400076,22.935858],[84.386485,22.892198],[84.388438,22.818223],[84.422862,22.656114],[84.41448,22.627387],[84.393565,22.606269],[84.339936,22.578315],[84.31894,22.556464],[84.309093,22.498725],[84.339936,22.453925],[84.440033,22.392605],[84.511974,22.325385],[84.537364,22.315009],[84.582937,22.320095],[84.622081,22.314399],[84.653575,22.288642],[84.668061,22.265204]]]}},{"type":"Feature","properties":{"name":"Ganga","name_hi":"गंगा","source_name":"Ganges","weight":1.0},"geometry":{"type":"MultiLineString","coordinates":[[[79.84075,30.888495],[79.813731,30.840155],[79.813487,30.819607],[79.84075,30.750678],[79.84075,30.723985],[79.874929,30.689236],[79.856537,30.684882],[79.847097,30.675564],[79.824799,30.637234],[79.796397,30.61754],[79.779307,30.595486],[79.738292,30.524115],[79.715343,30.508165],[79.684988,30.500108],[79.654714,30.501654],[79.568777,30.56684],[79.545909,30.573188],[79.522553,30.563992],[79.436046,30.482367],[79.409434,30.439073],[79.388927,30.42239],[79.340831,30.409939],[79.3213,30.398057],[79.306733,30.345974],[79.268891,30.30447],[79.205089,30.277167],[79.177989,30.282172],[79.162364,30.298855],[79.136974,30.304307],[79.000662,30.306016],[78.803152,30.235907],[78.779714,30.238105],[78.754812,30.229926],[78.696218,30.244208],[78.642589,30.204454],[78.594249,30.145209],[78.578868,30.097602],[78.586355,30.072862],[78.537201,30.077338],[78.46339,30.072862],[78.441905,30.081488],[78.42213,30.122138],[78.40504,30.132351],[78.384532,30.133897],[78.367198,30.126899],[78.34547,30.139106],[78.320079,30.14057],[78.285818,30.096503],[78.28004,30.071601],[78.164073,29.949897],[78.154877,29.925482],[78.160737,29.877224],[78.19044,29.79267],[78.197846,29.748236],[78.189057,29.706732],[78.154877,29.675076],[78.090017,29.642442],[78.042084,29.634874],[78.018891,29.619208],[77.990489,29.572048],[77.991791,29.531073],[78.052419,29.434841],[78.052419,29.373969],[78.082042,29.344672],[78.072358,29.325629],[78.117198,29.25141],[78.113536,29.222683],[78.120942,29.192165],[78.079845,29.140652],[78.072358,28.969306],[78.105968,28.913642],[78.096202,28.88703],[78.100352,28.856309],[78.092784,28.835883],[78.095876,28.828477],[78.12672,28.811632],[78.12379,28.778144],[78.182709,28.692898],[78.176036,28.620469],[78.195323,28.570258],[78.264659,28.488796],[78.279063,28.441718],[78.26474,28.421251],[78.279063,28.400743],[78.263927,28.372016],[78.280935,28.344794],[78.290131,28.306952],[78.326752,28.277208],[78.353526,28.243109],[78.382742,28.221991],[78.406261,28.186103],[78.441417,28.150662],[78.46339,28.105902],[78.543956,28.045193],[78.584727,28.032782],[78.62558,27.989936],[78.711681,27.96894],[78.759939,27.945583],[78.806082,27.941474],[78.895112,27.913153],[78.939464,27.882839],[78.956716,27.838446],[78.981212,27.827012],[79.032807,27.83161],[79.076264,27.815619],[79.130056,27.827501],[79.155528,27.817939],[79.192963,27.735704],[79.197032,27.699327],[79.203624,27.691352],[79.33196,27.636827],[79.368582,27.634101],[79.409923,27.646593],[79.464692,27.586534],[79.515717,27.554714],[79.554779,27.541531],[79.566417,27.475369],[79.611095,27.437812],[79.622488,27.417507],[79.631602,27.340888],[79.648936,27.311469],[79.684255,27.276475],[79.697765,27.241523],[79.716726,27.225043],[79.765636,27.201606],[79.837983,27.145209],[79.864838,27.139512],[79.91155,27.148383],[79.930186,27.143744],[80.008311,27.026882],[80.012462,27.017117],[80.005056,26.985622],[80.009369,26.97073],[80.107839,26.873725],[80.121674,26.781358],[80.141612,26.742377],[80.186127,26.707384],[80.231212,26.69599],[80.245128,26.681952],[80.296886,26.548692],[80.336355,26.530137],[80.347748,26.488389],[80.403331,26.441596],[80.509939,26.381049],[80.525971,26.364936],[80.558849,26.238227],[80.5949,26.221503],[80.59962,26.210517],[80.597667,26.174587],[80.673106,26.114814],[80.69044,26.104844],[80.728282,26.11164],[80.750011,26.106024],[80.796886,26.07335],[80.800304,26.060411],[80.795095,26.040351],[80.813975,26.029731],[80.853445,26.058173],[80.925792,26.066596],[80.961925,26.076972],[81.010753,26.071357],[81.032807,26.060981],[81.04835,26.044053],[81.065196,26.000312],[81.117931,25.972276],[81.187266,25.955268],[81.204112,25.939276],[81.213878,25.882839],[81.224539,25.868516],[81.294444,25.84516],[81.358653,25.78616],[81.392833,25.772162],[81.402761,25.758897],[81.382498,25.728095],[81.37672,25.704291],[81.382823,25.682074],[81.399994,25.665595],[81.44101,25.654893],[81.464122,25.636094],[81.51295,25.631171],[81.530935,25.599718],[81.553803,25.584662],[81.598888,25.590888],[81.630056,25.586534],[81.657481,25.529486],[81.684093,25.515815],[81.704682,25.494696],[81.745128,25.495795],[81.778331,25.477973],[81.798757,25.480658],[81.841807,25.502143],[81.885753,25.512885],[81.90797,25.511664],[81.917491,25.498399],[81.898936,25.438341],[81.90325,25.412787],[81.937511,25.344509],[81.9699,25.32449],[81.991303,25.320909],[82.025483,25.335273],[82.042979,25.335557],[82.075206,25.316596],[82.08839,25.278876],[82.112397,25.27558],[82.129161,25.282009],[82.159272,25.310167],[82.181407,25.316596],[82.214773,25.302069],[82.217459,25.280382],[82.196218,25.218817],[82.201752,25.189968],[82.216401,25.183702],[82.273204,25.193671],[82.264415,25.203559],[82.225352,25.220323],[82.266124,25.270616],[82.290619,25.27558],[82.312429,25.263129],[82.327647,25.215115],[82.348888,25.214179],[82.360362,25.224921],[82.372325,25.253201],[82.383067,25.26199],[82.397227,25.26081],[82.441417,25.231228],[82.496755,25.169867],[82.551036,25.157823],[82.578217,25.1612],[82.592784,25.173163],[82.567556,25.2178],[82.585948,25.225043],[82.636974,25.220323],[82.684825,25.193671],[82.778575,25.124945],[82.835541,25.118598],[82.871023,25.137234],[82.920421,25.194607],[82.961925,25.206732],[82.995942,25.204942],[83.008311,25.21072],[83.025076,25.246161],[83.023367,25.262397],[83.006277,25.289252],[83.041515,25.323065],[83.134939,25.326443],[83.171397,25.351345],[83.179779,25.378852],[83.177826,25.410264],[83.163097,25.436143],[83.123057,25.452216],[83.185639,25.529486],[83.212576,25.535224],[83.325857,25.47488],[83.383067,25.494696],[83.409434,25.487006],[83.482921,25.423041],[83.507253,25.406928],[83.53004,25.401923],[83.543875,25.411566],[83.54127,25.43948],[83.503184,25.48904],[83.490896,25.517117],[83.558849,25.547797],[83.617117,25.597724],[83.664154,25.611436],[83.692963,25.614691],[83.705658,25.608262],[83.735037,25.586493],[83.75351,25.529486],[83.771983,25.517279],[83.897716,25.523993],[83.917979,25.549343],[84.003429,25.608262],[84.058116,25.673774],[84.143484,25.736274],[84.179779,25.745958],[84.212901,25.728095],[84.22047,25.695095],[84.229991,25.681098],[84.253835,25.679714],[84.272472,25.692939],[84.308116,25.738634],[84.372651,25.765163],[84.387625,25.759467],[84.437999,25.718777],[84.486501,25.700751],[84.560313,25.701972],[84.595795,25.693305],[84.617279,25.702257],[84.668224,25.705919],[84.728526,25.749701],[84.749278,25.753363],[84.775076,25.748562],[84.853119,25.712429],[84.881358,25.707587],[84.973888,25.734931],[85.058849,25.728095],[85.085948,25.721055],[85.102061,25.703681],[85.124034,25.659206],[85.142833,25.641872],[85.182709,25.637641],[85.237071,25.618232],[85.284434,25.554267],[85.333263,25.537665],[85.369395,25.51378],[85.388113,25.508368],[85.421397,25.517035],[85.515066,25.584662],[85.576589,25.508368],[85.651947,25.463446],[85.670909,25.469306],[85.737641,25.510688],[85.778819,25.515815],[85.830658,25.50495],[85.872081,25.478217],[85.946381,25.412787],[85.997,25.380316],[86.019135,25.359158],[86.028331,25.33393],[86.115896,25.331488],[86.185802,25.319281],[86.241222,25.330186],[86.274425,25.317572],[86.306163,25.29267],[86.377859,25.31037],[86.41505,25.330878],[86.446056,25.361884],[86.506847,25.462673],[86.534434,25.482856],[86.564382,25.485216],[86.59075,25.461208],[86.578868,25.418769],[86.5796,25.375067],[86.591075,25.334988],[86.611257,25.303534],[86.649669,25.273057],[86.693858,25.256415],[86.739675,25.256374],[86.782481,25.27558],[86.834727,25.325954],[86.867931,25.347927],[86.889903,25.349962],[86.996186,25.278388],[87.046886,25.268907],[87.07724,25.254218],[87.108409,25.26199],[87.12379,25.25727],[87.159923,25.22781],[87.190115,25.230292],[87.217703,25.248358],[87.238536,25.27501],[87.248627,25.303534],[87.282156,25.356147],[87.303722,25.377061],[87.351085,25.398505],[87.382091,25.392279],[87.443858,25.405951],[87.478282,25.403754],[87.511974,25.381944],[87.535737,25.320136],[87.570242,25.303534],[87.598643,25.26671],[87.659597,25.255154],[87.681163,25.245469],[87.726085,25.251654],[87.749522,25.248318],[87.770112,25.237006],[87.783702,25.214179],[87.768647,25.159288],[87.780935,25.089911],[87.797374,25.083808],[87.860606,25.030788],[87.894054,25.020819],[87.91627,25.001899],[87.943858,25.000596],[87.954275,24.987616],[87.961192,24.966173],[87.9581,24.944159],[87.948985,24.92414],[87.908702,24.878363],[87.911143,24.844428],[87.94752,24.795762],[87.944916,24.755316],[87.959483,24.717231],[88.00587,24.655544],[88.056733,24.634304],[88.081472,24.600124],[88.085541,24.536933],[88.118907,24.494167],[88.151378,24.471706],[88.190847,24.460639],[88.236257,24.462755],[88.250906,24.472195],[88.307872,24.486151],[88.316417,24.468451],[88.387218,24.38878],[88.426687,24.357001],[88.444428,24.350775],[88.506114,24.357978],[88.516124,24.367499],[88.681407,24.334052],[88.714285,24.315619],[88.737071,24.287299],[88.749278,24.223456],[88.731212,24.190009],[88.751475,24.152655],[88.804779,24.122097],[88.824474,24.119086],[88.88592168017497,24.141785837491835]],[[87.93808,24.805732],[87.920014,24.782009],[87.920421,24.72663],[87.933197,24.635077],[87.940929,24.619452],[88.028087,24.547878],[88.057384,24.515896],[88.050385,24.504991],[88.077891,24.456163],[88.118907,24.446967],[88.112804,24.409369],[88.125662,24.398546],[88.142182,24.40823],[88.150076,24.405829],[88.156261,24.37169],[88.212332,24.341417],[88.217052,24.324327],[88.23878,24.322699],[88.252452,24.311876],[88.239024,24.307481],[88.22877,24.288682],[88.253022,24.27143],[88.260346,24.228135],[88.256602,24.141303],[88.232188,24.070258],[88.220714,24.060655],[88.209727,24.015692],[88.194591,24.001329],[88.22877,23.987657],[88.22877,23.980251],[88.203217,23.981147],[88.198741,23.97309],[88.208263,23.949774],[88.223643,23.840155],[88.239024,23.812608],[88.237804,23.774766],[88.228119,23.756456],[88.208263,23.761094],[88.200125,23.742214],[88.15976,23.699652],[88.146902,23.657742],[88.148204,23.634304],[88.163178,23.623969],[88.219005,23.606513],[88.22877,23.606879],[88.224132,23.635281],[88.235606,23.637559],[88.256602,23.603461],[88.248057,23.589789],[88.264171,23.576606],[88.288178,23.582099],[88.324962,23.610297],[88.330007,23.592149],[88.321381,23.574286],[88.283295,23.548855],[88.294688,23.536444],[88.352306,23.535183],[88.365001,23.524115],[88.367931,23.511786],[88.354991,23.456814],[88.34075,23.437567],[88.376069,23.41413],[88.378998,23.390937],[88.367198,23.345649],[88.342703,23.340644],[88.340831,23.333808],[88.347748,23.269802],[88.365896,23.26085],[88.392182,23.215766],[88.444347,23.217393],[88.457449,23.212429],[88.468272,23.192572],[88.447276,23.154405],[88.447276,23.142361],[88.460948,23.130479],[88.492198,23.118964],[88.495616,23.107245],[88.468272,23.062852],[88.491954,23.056749],[88.495128,23.049343],[88.475027,23.037543],[88.450694,23.039089],[88.44044,23.028103],[88.448416,23.021267],[88.417735,22.986518],[88.406912,22.945502]],[[88.406912,22.945502],[88.39796,22.896837],[88.34547,22.778266],[88.365896,22.698513],[88.356944,22.612616],[88.342296,22.57628],[88.317393,22.555121],[88.251231,22.553656],[88.237641,22.521796],[88.206716,22.51671],[88.187104,22.486843],[88.133067,22.468695],[88.125662,22.455837],[88.139659,22.398871],[88.106944,22.383816],[88.101085,22.367214],[88.103038,22.314154],[88.070893,22.23489]],[[88.406912,22.945502],[88.444428,22.945502],[88.475597,22.934027],[88.495535,22.934272],[88.53655,22.980292],[88.555919,22.985297],[88.585948,22.971218],[88.615733,22.970038],[88.622813,22.944525],[88.632823,22.938747],[88.655365,22.945828],[88.724213,22.943305],[88.739268,22.935329],[88.756277,22.870429],[88.773041,22.855048],[88.788666,22.849189],[88.828298,22.849311],[88.85255,22.830105],[88.851736,22.810655],[88.838308,22.794704],[88.851003,22.783474],[88.840587,22.745714],[88.830496,22.736599],[88.813975,22.739529],[88.812999,22.721055],[88.868175,22.663642],[88.879812,22.657538],[88.929617,22.658759],[88.941905,22.637722],[88.956065,22.585232],[88.949799,22.562201],[88.927664,22.548285],[88.970632,22.528144],[88.979584,22.491075],[88.997976,22.451483],[89.002208,22.428168],[88.989268,22.38703],[89.000987,22.333848],[89.023204,22.29503],[89.008718,22.285834],[89.018321,22.264838],[89.061941,22.211737],[89.075776,22.175238],[89.077729,22.151068],[89.060313,22.130642]],[[88.429128,24.35578],[88.421641,24.333279],[88.442312,24.314643],[88.453298,24.283393],[88.466238,24.270087],[88.482514,24.264472],[88.499034,24.271674],[88.518077,24.263454],[88.53712,24.229926],[88.539643,24.199246],[88.509288,24.199327],[88.512625,24.188585],[88.529714,24.18004],[88.523448,24.14411],[88.538259,24.136583],[88.564545,24.144721],[88.570811,24.117377],[88.598643,24.117377],[88.619721,24.108466],[88.632823,24.070258],[88.646414,24.083279],[88.646658,24.036444],[88.632823,23.987657],[88.700613,23.980496],[88.708507,23.966579],[88.746511,23.966742],[88.769949,23.953559],[88.787201,23.961697],[88.803966,23.953396],[88.853038,23.92536],[88.862722,23.908026],[88.862885,23.889512],[88.845714,23.878445],[88.86610746241527,23.869807449701636]],[[88.8024651515996,23.62814653541405],[88.774099,23.633734],[88.764415,23.627061],[88.761729,23.61286],[88.769949,23.596625],[88.740164,23.585517],[88.73585,23.579901],[88.740001,23.564276],[88.7588,23.549262],[88.767507,23.524522],[88.786143,23.505683],[88.793712,23.485216],[88.828298,23.486762],[88.828136,23.448106],[88.834727,23.429958],[88.86614,23.438992],[88.9002532303942,23.472693762069603]],[[89.01682727626961,23.323835683450337],[89.015147,23.283393],[89.020763,23.261908],[88.995942,23.234158],[88.996755,23.222846],[89.012706,23.209988],[89.023204,23.219835],[89.036876,23.212429],[89.054698,23.183458],[89.04127,23.173529],[89.06924900566804,23.146020285938626]]]}},{"type":"Feature","properties":{"name":"Pennar","name_hi":"पेन्नार","source_name":"Penner","weight":1.0},"geometry":{"type":"MultiLineString","coordinates":[[[77.572765,13.406806],[77.597179,13.420233],[77.609304,13.434882],[77.613699,13.471991],[77.589854,13.51142],[77.565359,13.522895],[77.551687,13.550808],[77.522227,13.571112],[77.487071,13.663398],[77.462901,13.82453],[77.494395,13.884833],[77.473155,13.944932],[77.441824,13.969102],[77.418712,14.004584],[77.415294,14.027045],[77.434011,14.064276],[77.433523,14.083604],[77.396414,14.179267],[77.390554,14.188259],[77.372651,14.195136],[77.365164,14.211737],[77.338878,14.350165],[77.312592,14.367296],[77.310069,14.391425],[77.297781,14.393663],[77.283702,14.439561],[77.280528,14.465033],[77.288097,14.476264],[77.307058,14.481553],[77.312592,14.495673],[77.305186,14.537665],[77.278087,14.598415],[77.284679,14.61282],[77.266043,14.669379],[77.271007,14.692084],[77.291515,14.709011],[77.282156,14.726101],[77.293061,14.788194],[77.312022,14.842475],[77.328217,14.866645],[77.406749,14.881212],[77.435557,14.893988],[77.44866,14.888007],[77.501964,14.914252],[77.53476,14.913845],[77.572683,14.94184],[77.619721,14.952175],[77.653087,14.937079],[77.716807,14.928087],[77.757091,14.903673],[77.781179,14.898546],[77.796886,14.92182],[77.829275,14.93183],[77.866954,14.95539],[77.930919,14.963975],[77.942556,14.958808],[77.950694,14.945136],[78.010916,14.928087],[78.032725,14.915798],[78.052419,14.900824],[78.076101,14.866645],[78.11085,14.852362],[78.154877,14.852362],[78.218272,14.810574],[78.240652,14.803982],[78.272227,14.821967],[78.306407,14.831855],[78.356944,14.866645],[78.369151,14.850775],[78.377452,14.823106],[78.538503,14.736355],[78.580089,14.688503],[78.641612,14.66059],[78.672537,14.63699],[78.689464,14.61282],[78.716075,14.602607],[78.747651,14.605984],[78.756847,14.602403],[78.771902,14.57864],[78.815196,14.574815],[78.847341,14.555528],[78.878347,14.506659],[78.928966,14.468777],[78.941824,14.475775],[78.977306,14.476264],[79.007498,14.456977],[79.042247,14.44831],[79.105072,14.473334],[79.121349,14.461982],[79.131928,14.435411],[79.150076,14.426134],[79.189464,14.442247],[79.206391,14.475653],[79.224376,14.4831],[79.243663,14.465766],[79.26295,14.462917],[79.306895,14.492499],[79.416108,14.547634],[79.426362,14.560858],[79.45045,14.567694],[79.539073,14.57864],[79.570242,14.565009],[79.582123,14.550157],[79.669932,14.589219],[79.714122,14.592963],[79.735281,14.587673],[79.778575,14.550727],[79.819591,14.531317],[79.839692,14.515408],[79.848155,14.492987],[79.916515,14.476264],[79.943858,14.4831],[79.974864,14.468777],[80.01588,14.478339],[80.066661,14.523993],[80.101329,14.530219],[80.149099,14.565009]]]}},{"type":"Feature","properties":{"name":"Indus","name_hi":"सिंधु","source_name":"Indus","weight":1.0},"geometry":{"type":"MultiLineString","coordinates":[[[79.437266,32.738105],[79.356944,32.850694],[79.327403,32.868476],[79.308604,32.928168],[79.284272,32.94005],[79.268891,32.957831],[79.181895,32.989325],[79.152354,33.015408],[79.100841,33.080756],[78.955333,33.201239],[78.935802,33.211127],[78.91505,33.210395],[78.78655,33.14997],[78.710948,33.165351],[78.576671,33.211127],[78.559093,33.240424],[78.548757,33.245876],[78.433523,33.282416],[78.406261,33.299425],[78.353038,33.354682],[78.291026,33.365505],[78.195811,33.432888],[78.152273,33.46894],[78.149099,33.479844],[78.158376,33.525336],[78.157807,33.54796],[78.149832,33.566514],[78.100841,33.577826],[78.079845,33.628852],[78.007823,33.663601],[77.942556,33.738715],[77.858409,33.780382],[77.733897,33.921983],[77.660411,34.029324],[77.556163,34.113471],[77.488862,34.136908],[77.421316,34.129096],[77.339366,34.160183],[77.333751,34.1824],[77.319591,34.196153],[77.277354,34.20421],[77.269135,34.193386],[77.257091,34.19184],[77.172862,34.221991],[77.164073,34.237372],[77.133881,34.232123],[77.043386,34.26199],[77.036143,34.268866],[77.031505,34.290798],[76.990001,34.307888],[76.904307,34.307888],[76.842784,34.330349],[76.788585,34.37169],[76.772716,34.389512],[76.770274,34.403428],[76.6845,34.447821],[76.600108,34.554267],[76.538097,34.574774],[76.449474,34.631415],[76.372976,34.649848],[76.372976,34.643622],[76.316824,34.667792],[76.242686,34.746039],[76.215343,34.766547],[76.189871,34.829901],[76.195404,34.87519],[76.222748,34.917344],[76.224864,34.931423],[76.215343,34.954901],[76.177745,34.968858],[76.06129,35.066474],[76.038259,35.077012],[76.034272,35.092393],[76.003673,35.096137],[75.957449,35.148261],[75.921641,35.165554],[75.914968,35.185614],[75.914236,35.225857],[75.886974,35.246365],[75.843272,35.341376],[75.817963,35.349392],[75.79713,35.34337],[75.768077,35.31448],[75.746349,35.307807],[75.726492,35.308051],[75.699962,35.322862],[75.667247,35.307807],[75.635916,35.314154],[75.486095,35.415595],[75.451752,35.46015],[75.399506,35.476671],[75.379812,35.472276],[75.362804,35.485907],[75.352468,35.505316],[75.339366,35.575303],[75.323253,35.585639],[75.085948,35.601752],[75.07073,35.609442],[75.048269,35.63463],[74.989268,35.640082],[74.948334,35.650987],[74.872488,35.711737],[74.745209,35.724148],[74.739757,35.728339],[74.747081,35.777167],[74.72462,35.785997],[74.72462,35.841579],[74.656749,35.842841],[74.638927,35.836371],[74.630463,35.820868],[74.632498,35.786933],[74.648204,35.772895],[74.646902,35.760281],[74.621674,35.737901],[74.644054,35.720079],[74.649913,35.701931],[74.611339,35.671495],[74.609467,35.660509],[74.631602,35.606228],[74.632498,35.527452],[74.607188,35.495795],[74.474864,35.466091],[74.42571,35.423529],[74.403575,35.41767],[74.317882,35.41767],[74.246674,35.426703],[74.207042,35.404893],[74.15919,35.405341],[74.139659,35.410834],[74.098155,35.438178],[74.029796,35.434272],[73.967784,35.458604],[73.910818,35.494086],[73.862315,35.492743],[73.756114,35.527452],[73.627208,35.543484],[73.502371,35.534369],[73.463145,35.558132],[73.439952,35.562201],[73.395925,35.543524],[73.344005,35.548936],[73.312429,35.541571],[73.29194230713757,35.46787458924979]],[[79.64159174361403,32.54320868465852],[79.461518,32.707384],[79.429779,32.744981]]]}},{"type":"Feature","properties":{"name":"Brahmani","name_hi":"ब्राह्मणी","source_name":"Brahmani","weight":1.0},"geometry":{"type":"MultiLineString","coordinates":[[[84.668061,22.265204],[84.679454,22.247097],[84.709402,22.244452],[84.772878,22.252468],[84.796479,22.238593],[84.817312,22.209825],[84.863292,22.098253],[84.878917,22.082587],[84.879812,22.069403],[84.867442,22.058905],[84.874034,21.982123],[84.886974,21.950263],[84.863536,21.913398],[84.862071,21.888983],[84.871674,21.869167],[84.926199,21.827989],[84.938243,21.826931],[84.952403,21.835761],[84.970144,21.832628],[84.988292,21.799099],[84.999115,21.756903],[84.995209,21.741319],[84.904307,21.712917],[84.903738,21.677802],[84.925548,21.655341],[84.992768,21.628933],[85.010346,21.603542],[85.001231,21.534857],[84.970876,21.47252],[84.940115,21.439643],[84.933523,21.423651],[84.939708,21.399522],[84.962576,21.356391],[85.015066,21.299262],[85.057546,21.231716],[85.113536,21.21662],[85.129487,21.203884],[85.135753,21.187608],[85.122162,21.139228],[85.127615,21.107937],[85.149018,21.08751],[85.204112,21.055528],[85.229991,21.029893],[85.243093,21.005805],[85.246349,20.979315],[85.240245,20.926215],[85.244884,20.906684],[85.283376,20.87934],[85.295014,20.843085],[85.331391,20.808783],[85.354503,20.796007],[85.552419,20.741238],[85.580496,20.739936],[85.607839,20.754096],[85.641368,20.806464],[85.764659,20.875108],[85.812022,20.887152],[85.920909,20.868435],[86.073334,20.867743],[86.110769,20.875515],[86.131358,20.873725],[86.197358,20.847602],[86.22991,20.819892],[86.266124,20.80447],[86.444021,20.683295],[86.47405,20.672797],[86.508881,20.67829],[86.571544,20.704291],[86.591889,20.700995],[86.62672,20.68183],[86.666921,20.684272],[86.710704,20.678168],[86.743744,20.658311],[86.749522,20.646104],[86.749278,20.611396],[86.773936,20.628933],[86.810557,20.640733],[86.810639,20.658149],[86.817556,20.66531],[86.857432,20.661078],[86.917898,20.695014],[86.940115,20.698025]]]}},{"type":"Feature","properties":{"name":"Beas","name_hi":"ब्यास","source_name":"Beas","weight":1.0},"geometry":{"type":"MultiLineString","coordinates":[[[76.200206,31.88642],[76.168468,31.899482],[76.117931,31.941759],[76.040619,31.965847],[75.99171,31.974473],[75.9546,31.970771],[75.917735,31.958523],[75.898204,31.962266],[75.706554,32.049872],[75.687755,32.067328],[75.694591,32.097032],[75.688406,32.111762],[75.59547,32.085313],[75.555431,32.038438],[75.545095,32.010769],[75.53476,31.940009],[75.562918,31.858466],[75.548432,31.820339],[75.559093,31.784206],[75.54005,31.758124],[75.528412,31.711941],[75.376069,31.581122],[75.319916,31.509792],[75.298839,31.503852],[75.276459,31.483344],[75.227143,31.456977],[75.185639,31.397162],[75.162527,31.337999],[75.134044,31.315945],[75.118256,31.289618],[75.036876,31.198025],[75.002696,31.176296]],[[77.195079,32.258857],[77.201915,32.186306],[77.156668,32.116807],[77.135265,31.99494],[77.119395,31.939887],[77.123464,31.923896],[77.154714,31.891181],[77.187592,31.826687],[77.214692,31.737616],[77.200206,31.722113],[77.17571,31.715766],[77.105968,31.715522],[77.059255,31.699246],[77.031505,31.716824],[77.009044,31.720323],[76.939871,31.709011],[76.934662,31.717963],[76.938243,31.759101],[76.930756,31.772569],[76.856456,31.820909],[76.781749,31.836493],[76.747325,31.877143],[76.682709,31.898261],[76.593842,31.903835],[76.531668,31.86933],[76.517996,31.848578],[76.444265,31.808946],[76.383067,31.803005],[76.320811,31.782172],[76.292491,31.79088],[76.280691,31.824042],[76.240896,31.844509],[76.226492,31.882636],[76.200287,31.886339]]]}},{"type":"Feature","properties":{"name":"Tungabhadra","name_hi":"तुंगभद्रा","source_name":"Tungabhadra","weight":1.0},"geometry":{"type":"MultiLineString","coordinates":[[[75.31837,13.228624],[75.342052,13.249132],[75.394135,13.251288],[75.455577,13.269599],[75.481537,13.289171],[75.489675,13.321153],[75.470714,13.367499],[75.482188,13.386298],[75.507253,13.38642],[75.510183,13.396267],[75.496511,13.437812],[75.501231,13.450263],[75.55657,13.549099],[75.578136,13.569688],[75.562104,13.623562],[75.549734,13.636501],[75.54713,13.65119],[75.555756,13.676052],[75.580333,13.69477],[75.661143,13.726426],[75.667247,13.735785],[75.656993,13.760688],[75.674083,13.755642],[75.69573,13.775417],[75.700613,13.788275],[75.695242,13.887234],[75.699311,13.939643],[75.695242,13.955512],[75.664806,13.993354],[75.660411,14.010077],[75.665457,14.030585],[75.720795,14.073676],[75.685802,14.120958],[75.698253,14.129584],[75.707123,14.142279],[75.704519,14.147081],[75.667247,14.17121],[75.660411,14.208686],[75.681651,14.213406],[75.687755,14.232611],[75.681244,14.242214],[75.653087,14.243598],[75.646658,14.253445],[75.619395,14.338446],[75.618337,14.364285],[75.635265,14.439887],[75.671886,14.481513],[75.68157,14.502956],[75.699962,14.483466],[75.7081,14.4831],[75.72934,14.511786],[75.794851,14.548163],[75.805105,14.558173],[75.807384,14.572537],[75.797537,14.605984],[75.805105,14.650662],[75.797944,14.673611],[75.780691,14.68476],[75.735444,14.695339],[75.75294,14.727118],[75.749766,14.736355],[75.737804,14.739691],[75.704682,14.722032],[75.700857,14.729356],[75.7081,14.777289],[75.671397,14.810492],[75.669851,14.844062],[75.69573,14.879503],[75.68157,14.913845],[75.678966,14.945624],[75.698416,14.958116],[75.722179,14.953925],[75.732351,14.958808],[75.809255,15.032579],[75.881277,15.0574],[75.894786,15.070258],[75.892345,15.121161],[75.903575,15.131212],[76.020518,15.147813],[76.063731,15.159613],[76.084239,15.172065],[76.097179,15.191921],[76.155528,15.227891],[76.22877,15.225409],[76.265391,15.236436],[76.304291,15.257107],[76.319347,15.272528]],[[76.31837,15.270697],[76.339285,15.32449],[76.355886,15.33279],[76.421886,15.335313],[76.505626,15.360134],[76.5206,15.369981],[76.542979,15.402289],[76.579031,15.407904],[76.606375,15.441433],[76.651378,15.445136],[76.694835,15.489936],[76.715587,15.496649],[76.782237,15.494452],[76.82545,15.586005],[76.844005,15.651719],[76.864757,15.665391],[76.875499,15.68419],[76.896983,15.690945],[76.928152,15.747341],[77.073416,15.921088],[77.143891,15.960761],[77.226492,15.976426],[77.263682,15.962185],[77.306163,15.957099],[77.428722,15.955919],[77.492198,15.9383],[77.58253,15.928046],[77.641205,15.900662],[77.686046,15.893866],[77.749034,15.897569],[77.794851,15.889268],[77.849864,15.893866],[77.88795,15.919135],[77.950125,15.899766],[78.100352,15.829657],[78.123953,15.849921],[78.141368,15.888129],[78.213145,15.92768],[78.235281,15.950466],[78.236908,15.969591]]]}},{"type":"Feature","properties":{"name":"Wainganga","name_hi":"वैनगंगा","source_name":"Wainganga","weight":1.0},"geometry":{"type":"MultiLineString","coordinates":[[[79.532237,22.013861],[79.507335,22.055243],[79.501557,22.091824],[79.473643,22.088975],[79.470632,22.09455],[79.458507,22.173163],[79.463471,22.191352],[79.491466,22.203803],[79.50294,22.216417],[79.524669,22.264187],[79.524832,22.273953],[79.513194,22.289984],[79.463959,22.318671],[79.481049,22.35871],[79.49879,22.374864],[79.519135,22.383816],[79.539643,22.384385],[79.589122,22.348944],[79.59433,22.359646],[79.644542,22.394477],[79.654552,22.442898],[79.692149,22.458441],[79.714122,22.448676],[79.757823,22.405951],[79.838796,22.379177],[79.862234,22.379584],[79.892182,22.390652],[79.941987,22.383368],[80.000906,22.401801],[80.061697,22.393378],[80.073416,22.363349],[80.094005,22.342231],[80.087169,22.322333],[80.094005,22.277655],[80.090424,22.249783],[80.046153,22.205024],[80.036876,22.18537],[80.035737,22.162177],[80.042491,22.139106],[80.066661,22.104275],[80.087169,22.041205],[80.107514,22.013861],[80.107514,21.969184],[80.116222,21.952012],[80.169688,21.904608],[80.173269,21.884385],[80.162852,21.818671],[80.183442,21.784532],[80.186615,21.639512],[80.164073,21.621283],[80.108409,21.604315],[80.088634,21.591864],[80.080333,21.571641],[80.005056,21.548407],[79.984793,21.548407],[79.977957,21.562038],[79.965343,21.562608],[79.927013,21.551581],[79.920339,21.494167],[79.858165,21.421088],[79.80714,21.391872],[79.792979,21.37641],[79.779307,21.321316],[79.748139,21.257595],[79.689952,21.232449],[79.689952,21.209011],[79.674897,21.161933],[79.637299,21.148627],[79.614024,21.128974],[79.598725,21.104519],[79.598237,21.070624],[79.625906,21.006374],[79.648936,20.975775],[79.645437,20.951524],[79.610606,20.898301],[79.606212,20.879828],[79.62672,20.83336],[79.647878,20.802924],[79.688731,20.767849],[79.817312,20.69127],[79.903819,20.68183],[79.924083,20.671698],[79.937022,20.649604],[79.923595,20.54975],[79.94044,20.534125],[79.94337,20.515896],[79.939708,20.435167],[79.963878,20.40115],[79.943858,20.308214],[79.984386,20.225043],[79.97169,20.204617],[79.959239,20.208279],[79.937999,20.194403],[79.920095,20.161933],[79.922781,20.139431],[79.960867,20.118354],[79.965587,20.109442],[79.975597,20.047919],[79.964773,20.011786],[79.941824,19.98489],[79.909679,19.971788],[79.884939,19.977729],[79.868907,20.017035],[79.820404,20.040961],[79.778412,20.00788],[79.770274,19.979926],[79.773041,19.952216],[79.781668,19.927354],[79.796397,19.916571],[79.798269,19.90705],[79.778575,19.848253],[79.757498,19.838406],[79.747813,19.826687],[79.744558,19.797065],[79.747569,19.772406],[79.772472,19.724799],[79.797862,19.607042],[79.86378,19.513617],[79.902843,19.502468],[79.932384,19.480333],[79.969005,19.41588],[79.97169,19.392686],[79.957042,19.335801],[79.964285,19.31391],[79.935639,19.264716],[79.929128,19.231024],[79.943858,19.169257],[79.893647,19.137478],[79.872651,19.110378],[79.861827,19.081122],[79.864757,19.048448],[79.881928,19.042019],[79.933604,19.053249],[79.941824,19.038194],[79.964854,18.935411],[79.960378,18.867214],[79.916921,18.826687]]]}},{"type":"Feature","properties":{"name":"Banas","name_hi":"बनास","source_name":"Banas","weight":1.0},"geometry":{"type":"MultiLineString","coordinates":[[[73.542084,24.867214],[73.57724,24.87877],[73.669037,24.929877],[73.851085,24.968573],[73.918468,25.013943],[74.048595,25.063178],[74.076182,25.065212],[74.108002,25.048936],[74.140147,25.042589],[74.283702,25.042344],[74.310069,25.047797],[74.411225,25.112331],[74.491628,25.191189],[74.541596,25.206855],[74.593761,25.209418],[74.634044,25.240668],[74.659597,25.248725],[74.721283,25.23253],[74.823253,25.256049],[74.859874,25.257758],[74.905284,25.246772],[74.919444,25.248236],[74.941498,25.273993],[75.019054,25.248847],[75.039073,25.253689],[75.054861,25.275255],[75.06894,25.325303],[75.056895,25.358018],[75.069428,25.39704],[75.059174,25.444119],[75.062266,25.456326],[75.189138,25.581],[75.216563,25.625312],[75.230479,25.662543],[75.262462,25.687567],[75.271495,25.701972],[75.283376,25.74726],[75.383556,25.878119],[75.422537,25.915066],[75.457612,25.92532],[75.481456,25.89529],[75.543061,25.885443],[75.549734,25.901475],[75.542003,25.963935],[75.549408,25.981513],[75.564057,25.990424],[75.606212,25.979926],[75.626882,25.985663],[75.658946,26.016628],[75.666108,26.057318],[75.653738,26.14114],[75.678803,26.170193],[75.716807,26.175605],[75.782156,26.215766],[75.801199,26.218126],[75.875011,26.186469],[75.928396,26.173163],[75.9428,26.165107],[75.975678,26.119981],[75.995209,26.110378],[76.020112,26.110134],[76.17099,26.176337],[76.315684,26.211249],[76.376231,26.190863],[76.48585,26.219021],[76.581391,26.216173],[76.605968,26.206977],[76.616222,26.190985],[76.608165,26.145046],[76.65919,26.127305],[76.671316,26.102118],[76.676524,26.074734],[76.658783,26.029161],[76.659923,25.997016],[76.67685,25.976426],[76.704112,25.960273],[76.722667,25.934434],[76.739513,25.926093]]]}},{"type":"Feature","properties":{"name":"Tel","name_hi":"तेल","source_name":"Tel","weight":1.0},"geometry":{"type":"MultiLineString","coordinates":[[[82.063487,19.745632],[82.09962,19.765896],[82.122813,19.766791],[82.180593,19.750067],[82.220307,19.751899],[82.257498,19.764187],[82.290701,19.784369],[82.372569,19.862372],[82.429698,19.896674],[82.461925,19.903022],[82.493663,19.898627],[82.554861,19.877387],[82.645763,19.873643],[82.8213,19.909044],[82.863373,19.923611],[82.933197,19.932563],[82.955333,19.951483],[83.007335,19.978583],[83.085867,20.123969],[83.111908,20.146308],[83.208018,20.199571],[83.262787,20.263048],[83.368663,20.335557],[83.428396,20.402167],[83.489268,20.453925],[83.513601,20.464871],[83.54835,20.466579],[83.601085,20.510321],[83.675304,20.551215],[83.719249,20.596747],[83.719737,20.65351],[83.761485,20.726996],[83.78297,20.784491],[83.802826,20.807807],[83.894216,20.817165],[83.927989,20.826117],[83.951427,20.840155]]]}},{"type":"Feature","properties":{"name":"Palar","name_hi":"पालार","source_name":"Palar","weight":1.0},"geometry":{"type":"MultiLineString","coordinates":[[[77.903738,13.243964],[77.919037,13.238308],[77.9546,13.255316],[78.026296,13.226508],[78.158376,13.215277],[78.189952,13.200954],[78.242279,13.161322],[78.2671,13.13227],[78.323822,13.019802],[78.353119,12.990668],[78.391124,12.972846],[78.423595,12.969672],[78.42921,12.958279],[78.425792,12.944851],[78.394054,12.914252],[78.393158,12.893622],[78.406993,12.829779],[78.396251,12.816759],[78.395112,12.804226],[78.427664,12.726915],[78.447846,12.705268],[78.495616,12.676215],[78.529714,12.672797],[78.56129,12.683458],[78.646658,12.741075],[78.712901,12.825263],[78.799327,12.878445],[78.878917,12.913031],[78.96339,12.933661],[79.121186,12.936469],[79.197032,12.969672],[79.226329,12.968777],[79.402354,12.873114],[79.5206,12.861843],[79.642182,12.813788],[79.761648,12.776638],[79.835053,12.777167],[79.872325,12.769314],[79.912852,12.751003],[79.9463,12.723578],[79.963471,12.688341],[79.962576,12.609402],[79.970225,12.573106],[79.999766,12.534613],[80.047781,12.503445],[80.149506,12.462226]]]}},{"type":"Feature","properties":{"name":"Lohit","name_hi":"लोहित","source_name":"Luhit","weight":1.0},"geometry":{"type":"MultiLineString","coordinates":[[[97.07215731333753,28.501192414278048],[97.050548,28.435004],[97.041108,28.379503],[97.038097,28.323188],[97.052013,28.186347],[97.044363,28.147406],[96.993663,28.047675],[96.979503,27.958848],[96.959402,27.935818],[96.893321,27.899197],[96.864024,27.896267],[96.845795,27.903998],[96.807384,27.940009],[96.711192,27.965644],[96.685802,27.97956],[96.590831,28.073065],[96.552257,28.091905],[96.513682,28.089301],[96.480398,28.073839],[96.453054,28.048407],[96.432872,28.015815],[96.417247,27.91474],[96.396658,27.8935],[96.377208,27.889919],[96.318614,27.902167],[96.250987,27.896023],[96.128998,27.90412],[96.094656,27.895616],[95.91269,27.822048],[95.887625,27.816677],[95.861339,27.823106],[95.84962,27.819932],[95.79599,27.795356],[95.752371,27.766466],[95.641124,27.808702],[95.568614,27.806952],[95.520274,27.823432],[95.476654,27.818142],[95.472179,27.835273],[95.459483,27.843858]]]}},{"type":"Feature","properties":{"name":"Kollidam","name_hi":"कोल्लिडम","source_name":"Kolidam","weight":1.0},"geometry":{"type":"MultiLineString","coordinates":[[[78.677989,10.869412],[78.717703,10.862331],[78.740815,10.850857],[78.864675,10.84455],[78.974864,10.882636],[79.044688,10.885525],[79.079275,10.913275],[79.151541,10.937445],[79.194591,10.94184],[79.397878,11.073554],[79.413097,11.086982],[79.4428,11.132758],[79.511729,11.179145],[79.607921,11.227566],[79.614187,11.248074],[79.628429,11.255479],[79.648936,11.248074],[79.65504,11.281562],[79.67628,11.296454]]]}}]}